19140	21900	Ɛɛ n bɛ n balima bɛɛ fo.	Eh je salue tous mes frères et sœurs.
22420	27270	Ne lamɛnbagaw ani n filɛbagaw n b'aw bɛɛ fo.	Mes auditeurs et mes téléspectateurs, je vous salue tous.
27940	30300	An sira hɛrɛ la Ala m'an tilenna hɛrɛ la.	Nous avons passé une paisible nuit, que Dieu nous accorde une bonne journée!
31240	41010	Ne tɔgɔ ye Adama Ture, ka bange Bozola san 1953.	Moi je m'appelle Adama Touré né à Bozola en 1953.
41500	43010	Ne fa tɔgɔ Sidi Ture.	Mon père s'appelle Sidi Touré.
43550	44840	Sidi fa tɔgɔ Yusufu.	Le père de Sidi s'appelle Youssouf.
45610	50820	Yusufu fa tɔgɔ Umaru, Umaru fa tɔgɔ Mukutari.	Le père de Youssouf s'appelle Oumar, le père de Oumar s'appelle Mouktar.
52390	54790	N bayanfan, n ba tɔgɔ Nɛnɛ Jalo.	Côté maternel, ma mère s'appelle Nènè Diallo.
55610	58310	O fa tɔgɔ Mamadu Jalo.	Son père s'appelle Mamadou Diallo.
58460	60740	O fana ta fa tɔgɔ Bande Jalo.	Lui aussi son père s'appelle Bandé Diallo.
61510	64440	O bangenna Kulukoro Kula mara la.	Lui, il est né à Koulikoro dans le cercle de Koula.
66610	72990	[Bon] N bɛna kuma e Jɔkala kan n'o bɛ Bila mara la. 	Bon je vais parler de eh Diôkala qui est dans le cercle de Bla.
73520	79480	Jɔnka u ka taabolo an'u sigicogo, u ka adamadenya kɛcogo.	Dionka, leurs principes et leur histoire ainsi que leur mode de vie.
80060	81250	N bɛna kuma o de kan.	C'est ce dont je vais parler.
82260	87240	Segu ni Miɲankala cɛ Banamininkalama.	Entre Ségou et Miankala [Banamininkalama].
88230	93420	Olu de y'i sigi Segu ni Miɲankala cɛ ka kɛlɛ kɛ Bitɔn fɛ.	C'est eux qui se sont installés entre Ségou et Miankala pour combattre avec Biton.
95050	100660	Jɔnka kɔrɔ bɛnkan, aw bɛnna min kan, si kana si janfa.	Dionka signifie convention, ce dont vous vous  êtes convenus, que personne ne trahisse personne.
102840	104200	Jɔnka bɛ daminɛ min ?	Où commence Dionka ?
104460	105470	A bɛ daminɛ Falo.	Il commence à Falo.
106790	110800	Falo, Buwarɛw de bɛ yen, kɛlɛmasadugu don.	A Falo, il y a les Bouaré, c'est un village de guerriers.
111490	115110	U ye kɛlɛ kɛ Segu fɛ fɔ kɛlɛ gan.	Ils ont fait la guerre avec Ségou, une guerre intense.
116970	119230	U ma siran u yiran-yiran.	Ils n'ont ni craint ni panique.
120160	125350	Falo, numuw bɛ yen, a bɛ fɔ o ma kin.	A Falo, il y a des forgerons, on appelle ça Kin.
126010	130980	I mana bɔ Kin i bɛ taa Muɲana ka na Kaana.	Quand on quitte Kin, on arrive à Mougnana ensuite Kana.
132320	134960	Kaana, olu ye Marikow ye.	Kana, ce sont les Mariko.
135990	138230	Ka bɔ yen ka na Sentala.	Après là-bas c'est Séntala.
139610	142850	Sentala, olu ye kɛlɛcɛfarin ye, numuw don, Konatɛw don.	Séntala, ce sont des guerriers, des forgérons; des Konaté.
144110	146790	U fana ye kɛlɛ kɛ kosɛbɛ fɔ ka kɛlɛ gan.	Ils ont aussi mené une guerre intense.
147570	151440	Ka bɔ kɛlɛ kɔnɔ ka na Bɛndugu Ɲamana.	Puis venir à Bèndougou Niamana après la guerre.
152570	153920	Ɲamana, o ye Kulubaliw ye.	Niamana, ce sont les Coulibaly.
154590	157520	Kulubaliw fana ye kɛlɛ kɛ kosɛbɛ ka kɛlɛ gan.	Les Coulibaly aussi ont mené une guerre intense.
158120	161770	U ye kɛlɛ kɛ Bitɔn nɔfɛ ka na fɔ Segu.	Ils ont combattu derrière Biton jusqu'à Ségou.
163490	166370	Ka bɔ yen ka na Ngolokuna.	De là-bas à Ngolokouna.
167500	170690	Ngolokuna, o ye Konatɛw ye.	Ngolokouna, ce sont les Konaté.
171920	177780	Konatɛw fana olu ye kɛlɛ kɛ kosɛbɛ Bitɔn nɔfɛ.	Les Konaté aussi ont beaucoup combattu derrière Biton.
178440	181030	Ka bɔ yen ka na Nca.	De là-bas à Nthia.
181840	183320	Nca, o ye Tangaraw ye.	Nthia, ce sont les Tangara.
184650	188010	Tangaraw, bamananw don, u tɛ siran u tɛ yɔgɔyɔgɔ.	Les Tangara sont des bambaras, ils ne craignent pas, ils ne paniquent pas.
188540	195000	U ye Segu kɛlɛ kɛ kosɛbɛ ka fara Bila Tangaraw kan.	Ils ont beaucoup fait la guerre de Ségou en plus des Tangara de Bla.
195670	198310	Ka bɔ yen ka na Ɲala.	De là-bas à Niala.
199430	200749	Ɲala, olu ye Jaraw ye.	Niala, ce sont les Diarra.
201830	204680	Bamananw don, u ma siran u ma yɔgɔyɔgɔ.	Ce sont les bambaras, ils n'ont ni crainte ni panique.
205440	210150	Ka bɔ yen ka na Bagadaji.	De là-bas à Bagadadji.
210575	213860	Bagadaji, olu ye e Wulalɛw ye.	Bagadadji, ce sont les Woulalé.
215100	216325	Marakafinw don.	Ce sont des Soninkés noirs.
216500	220900	U fana ye kɛlɛ kɛ, u ye mɔriya kɛ kɛlɛdenw ye.	Ils ont aussi fait la guerre et le maraboutage pour les guerriers.
221490	223300	U b'u ja farinya k'u ja lamin.	Ils les rassurent et les rendent audacieux.
224180	226260	Ka bɔ yen ka na Guwalan.	De là-bas à Goualan.
227020	233020	Guwalan ye Bamanandugu ye, u bɛ numuya kɛ, u bɛ marifa dilan, u bɛ kɛlɛkɛlaw dɛmɛ.	Goualan est un village bambara, ils pratiquent la forge, ils fabriquent des fusils pour aider les guerriers.
234300	241260	Numuw fana bɛ yen, u bɛ marifa dilan, u bɛ dabaw dila k'a di sɛnɛkɛlaw.	Il y a aussi des forgerons qui fabriquent les fusils et les dabas pour les cultivateurs.
241510	244450	U bɛ sɛnɛ kɛ k'a di kɛlɛkɛlaw ma.	Ils cultivent pour les guerriers.
245010	249390	Ka bɔ yen ka na ɛ Marena.	De là-bas à Marena.
250170	252680	 Marena, olu ye Tangaraw ye.	Marera, ce sont les bambaras.
253390	254800	U fana ye kɛlɛ kɛ kosɛbɛ.	Ils ont aussi beaucoup mené.
256230	258670	U ma yiranyiran u ma siran.	Ils n'ont ni craint ni paniqué.
260780	263840	N bɛ bɔ yen n bɛ na Ɲala.	Je quitte là-bas et je viens à Niala.
265380	266942	O ye Ɲala wara ka dugu ye.	C'est le village de Niala Wara.
267800	269860	Jaraw don, bamananw don.	Ce sont des Diarra, des bambaras.
269910	273000	U ye kɛlɛ kɛ Segu fɛ kosɛbɛ, u ma siran.	Ils ont aussi beaucoup combattu avec Ségou, ils n'ont pas craint.
274700	276860	N bɛ bɔ yen n bɛ na Nkɔnja.	Après là-bas, je viens à Nkondia.
278050	286000	Nkɔnja, numuw don nka u bɛ dugukolo min kan o ye Guwalakaw ta ye.	Nkondia, ce sont des forgerons mais la terre qu'ils habitent appartient aux habitants de Gouala.
286630	288010	Guwala, kɛlɛmasaw don.	Gouala, ce sont des guerriers.
290140	295350	Olu ka numuw don, u bɛ numuya kɛ u ye, u b'u dɛmɛ kɛlɛ la kosɛbɛ, kɛlɛ cɛfarinw don.	Ce sont leurs forgerons, ils font la forge pour eux et ils les aident beaucoup dans la guerre; ce sont des guerriers.
296380	298220	U ma siran u ma yiranyiran.	Ils n'ont ni crainte ni panique.
299808	304110	U ye kɛlɛ kɛ kosɛbɛ ka kɛlɛ kɛ Guwalakaw fɛ.	Ils ont beaucoup combattu avec les guerriers de Gouala.
304430	305760	Guwala, masadugu don.	Gouala est une ville de rois.
307560	310580	Nkɔnja, numudugu, numudakabanadugu.	Nkondia est un magnifique village de forgerons.
311530	313770	N bɛ bɔ yen, n bɛ na Sentala.	Je quitte là-bas et je viens à Sentala.
314630	316490	Sentala, olu ye Kumarew ye.	Sentala, ce sont les Koumaré.
317830	318840	Numuw don.	Ce sont des forgerons.
319600	322100	U ye kɛlɛ kɛ kosɛbɛ Bitɔn fɛ.	Ils ont beaucoup combattu avec Biton.
322690	323799	U ma siran.	Ils n'ont pas eu peur.
325740	330060	Numudugu minnu don, u caman bɛ yen u ma siran.	Ce sont des villages de forgerons qui n'ont pas eu peur.
331150	336370	U bɛ yen a bɛ san kɛmɛduuru bɔ u bɛka kɛlɛ dɛmɛ.	Ils existent ça vaut environ cinq cents ans; ils sont en train de contribuer à la guerre.
337570	342140	Ka bɔ yen ka na Ɲica.	De là-bas à Gnithia.
343090	345920	Ɲica o ye bamananw ye.	Gnithia, ce sont les bambaras.
346230	348790	U bɛ laadafɛnw sɔn.	Ils adorent les fétiches.
349550	355260	U bɛ a bɛ f'o ma ko kɔmɔko	Incompréhensible
355410	359880	Ni kɛlɛ bɛ na, u bɛ kɔmɔko u b'a lajɛli kɛ.	Si la guerre arrive, ils devinent avec le kômô.
359970	362560	Nin de saraka ka kan ka bɔ, nin ma kan tɛ ka bɔ.	Nous devons faire ce sacrifice, nous ne devons pas cela.
362990	366310	A' ye nin bɔ, kɛlɛ bɛ kɛ tan a' bɛ kɛlɛ bunbɛn tan.	Faîtes ce sacrifice, c'est comme ça que vous devez contrecarrer la guerre.
368870	372000	N bɛ bɔ yen n bɛ na Sintala.	Je quitte là-bas et je viens à Sintala.
372870	375100	Sintala, olu ye Konatɛw ye.	Sintala, ce sont les Konaté.
378221	383210	Olu ye sigiyɔrɔ di e e Ngolobala ma, olu ye Jakitew ye.	C'est eux qui ont donné la terre, eh eh à Ngolobala, ce sont des Diakité.
383860	391450	Jakitew olu nana juraya senfɛ ka sigi yen ka kɛ kɛlɛ cɛfarin ye filaya kɔnɔ.	Les Diakité sont venus s'installer là-bas par voie de commerce puis devenir des guerriers.
392670	397960	N bɔra yen n taara Guwalan.	J'ai quitté là-bas et je suis parti à Goualan.
399151	403140	Guwalankaw o ye bamananw ye, bamanandɔni b'u la kosɛbɛ.	Les habitants de Goualan sont des bambaras, ils ont beaucoup de savoirs bambaras.
403870	404510	U tɛ siran.	Ils ne craignent pas.
404830	407200	U bɛ laturu da, u bɛ mɔriya kɛ.	Ils pratiquent la géomancie, ils font le maraboutage.
413810	417030	Ni n bɔra Guwalan n bɛ taa ɛɛ Bagadaji.	Quand je quitte Goualan je vais à Bagadadji.
417990	419850	Bagadaji olu ye Wulalɛw ye.	Bagadadji, ce sont des Woulalé.
420290	423010	N bɛ bɔ yen n bɛ na Marena.	Je quitte là-bas et je viens à Marena.
423950	426170	Marenakaw olu ye numusokala ye.	Marena est le quartier des forgerons.
427210	429660	Kɛlɛ dɛmɛbagaw don kosɛbɛ kosɛbɛ.	Ce sont de vrais participants à la guerre.
430200	433740	U ye kɛlɛ kɛ ka kɛlɛ [développer] kosɛbɛ.	Ils ont beaucoup développé la guerre.
435690	437880	N bɛ bɔ yen n bɛ na Bila mara la.	Je quitte là-bas et je viens dans le cercle de Bla.
438370	441820	Tangaraw don, bamananw don, u nin ma siran u t'u yɛrɛ sɔsɔ.	Ce sont des Tangara, des Bambaras, ils n'ont pas eu peur, ils ne se contredisent pas.
442310	443601	U ye kɛlɛ kɛ kosɛbɛ.	Ils ont beaucoup combattu.
444636	446930	Ka bɔ yen ka na Fana.	De là-bas à Fana.
447350	448540	Olu ye Malew ye.	Eux ils sont des Mallé.
449510	450560	Male ye jɔnka ye.	Mallé est Dionka.
451341	453340	N'a fɔra Jɔnka bamanan don.	Quand on dit Dionka, c'est le Bamanan.
454690	456100	U tɛ kan wɛrɛ fɔ ni bamanankan tɛ.	Ils ne parlent que le bamanankan.
456310	458360	U farala Segu kan ka kɛlɛ kɛ.	Ils ont aidé Ségou à faire la guerre.
459503	460700	Ka bɔ yen ka na Jɛna.	De là-bas à Djèna.
462030	470330	0lu de ye nansara kunbɛn ka kɛlɛ kɛ [le 24 février] ka tubabuw kunbɛn, u ye san min k'a la a bɛ san duuru bɔ.	C'est eux qui ont barré les blancs le 24 février, ils ont résisté aux blancs pendant à peu près cinq ans.
470820	472432	U ma yiranyiran u ma siran.	Ils n'ont ni craint ni paniqué.
473570	476780	N bɛ bɔ yen n bɛ taa Folomana.	Je quitte là-bas pour aller à Folomana.
478520	481110	Folomana o fana ye bamanan ye.	Folomana est aussi bambara.
482100	484450	U ye kɛlɛ kɛ kosɛbɛ ka Segu dɛmɛ.	Ils ont beaucoup combattu pour aider Ségou.
484840	489420	Nr'i ko Jɔnka i ko bɛnkan, i ko bamananya, i ko laadatigi.	Qui dit Dionka dit convention, dit bamanan, dit homme de tradition.
490780	491927	Jɔnkaya kɔrɔ y'o ye.	Ca c'est la signification de Dionka.
493160	499620	Laada min b'u fɛ, u bɛ denmisɛn caman fara ɲɔgɔn kan; u b'a fɔ olu ko bilakorow.	Leur tradition est de réunir les enfants qu'ils appellent des Bilakoro.
500086	501150	Bilakoro kɔrɔ ye jumɛn ye?	Que signifie Bilakoro?
501530	502250	Bilankɔrɔ.	Bilankôrô.
503128	506020	Ni ko min nana i b'a bila i ka cidenya la.	En cas de besoin, tu le commissionne.
506200	509480	N'a nana bɔ bilakoroya la, a bɛ kɛ kamalenkun ye .	Quand il dépasse l'étape de bilakoro il devient Kamalen.
510530	512600	A mana kamalenya u b'a boloko.	S'ils deviennent Kamalen, ils les circoncisent.
513040	518200	U bɛ se ka cɛ kɛmɛduura kɛmɛwɔɔo boloko ɲɔgɔn fɛ.	Ils peuvent circoncire cinq cents à six cents garçons ensemble.
518440	523040	Aw mana bɔ bolokoliso kɔnɔ muso bɛ furu k'a di aw ma.	A la sortie de la case de la circoncision, on vous donne des femmes.
523320	525371	A' bɛ cɛkulusi saba ta.	Vous prenez les trois habits d'homme.
525680	527010	Cɛkulusi saba ye mun ye?	C'est quoi les trois habits d'homme?
529640	534070	I bɛ kulusi min don ani duloki ani banfula.	Le pantalon que tu portes, la chemise et le chapeau.
534540	536890	A labɛnnan tɔ ye mun? O ye marifa ye.	Il reste quel élément? ça c'est le fusil.
537620	538880	O y'i ka cɛya labɛnnen ye.	Et tu es devenu un homme.
539480	541910	O mana bɔ yen u bɛ so ta ka d'i ma.	Ensuite ils te donnent le cheval.
542290	543180	So y'i ka yɛlɛnkanfɛn ye.	Le cheval est ta monture.
544645	545645	I bɛ fara cɛw kan.	Tu rejoins les hommes.
546750	548260	N'i ko cɛya i ko labɛn.	Qui dit homme dit préparation.
548980	552400	N'i ko labɛn i ko kodɔn.	Qui dit préparation dit savoir.
552640	555330	N'i ko kodɔn i ko jafarinya.	Qui parle de savoir parle d'audace.
556030	558370	I tɛ se ka kɛ cɛ ye n'i ja man farinya.	Tu ne peux pas être un homme si tu n'es pas audacieux.
560130	561800	I labɛnnen tɛ.	Tu n'es pas préparé.
562440	564680	N'i labɛnna i nin t'i sɔsɔ.	Si tu es préparé, ton âme ne te contredira pas.
565020	567130	I bɛ saya kɔrɔdɔn ni malo ye.	Tu préfères la mort que l'humiliation.
568560	569620	O ye bamananya ye.	ça c'est être bamanan.
570470	573820	N'a fɔra bamanan, maa min b'i banba a yɛrɛ kan.	Quand on dit bamanan, c'est celui qui s'appuie sur soi-même.
574190	576270	A tɛ nkalon tigɛ, a tɛ janfa kɛ.	Il ne ment pas, il ne trahit pas.
577319	578319	Bamananya ma sɔn o ma.	Le bamanan ne fait pas ceci.
579030	581840	N'i ko bamanan, i bama i yɛrɛ kan.	Quand tu dis bamanan, c'est de s'appuyer sur soi-même.
582460	583310	I kana siri maa na.	Ne pas dépendre de quelqu'un.
585380	588250	Maa de bɛ se ka na sig'i kɛrɛfɛ ka fara i kan.	Une autre personne peut te rejoindre pour s'asseoir à côté de toi.
588690	589510	I tɛ fara maa kan.	Tu ne t'ajoute à personne.
590050	591870	N bɛ bɔ yen,	On quitte là,
592100	593920	n bɛ don	pour viens
594840	596680	surakala kɔnɔ.	chez les maures.
596716	600660	Ne yɛrɛ fa, a bangera Tunbutu.	Moi-même, mon père, il est né à Tombouctou.
600540	604370	U nana Jɔkala kɔnɔ, moriya sen ne fɛ,	Ils sont venus à Djokala dans le cadre de l'islam,
604440	607060	k'a kɛ, ɛ, u ka boriw ye.	pour être ainsi leurs marabouts.
606650	610670	Ni kunko min bɛ na, u b'o lajɛ, k'o fɔ,	En cas de problème où toute autre catastrophe, ils consultent et pédisent,
610459	613370	aw ye nin saraka in bɔ, aw ye nin bɔ.	faites tels ou tels sacrifices.
614356	616176	Anw sigira ten.	C'est comme ça qu'on s'est installé.
615939	617770	U nana,	Ils sont venus,
618215	620570	an bɔ u kɛrɛfɛ,	nous faire éloigner d'eux,
620121	623870	k'a fɔ, k'an ka t'an sigi dugu wɛrɛ la,	et nous demandant d'aller nous installer dans un autre pays,
623250	625470	u kɛrɛfɛ n'oye Sokala ye. 	près de chez eux, à Sokala.
625350	627970	O Sokala, o tɔgɔ ye	Ce Sokala, son nom,
629012	631270	Ɲɔnima.	Nionima.
631150	633070	An taara sigi.	Nous sommes partis s'installer à Ɲɔnina.
632826	636280	O ni ɛ Ɲamana cɛ, tɛ tɛmɛ...	La distance entre la-bàs et Niamana ne dépasse pas..
637000	639070	kulo duuru kan.	cinq kilomètres.
638958	642760	U taara sigi yen, ka moriya kɛ ye, bamanan fɛ.	Ils sont partis s'installer la-bàs et pratiquer l'islam avec les bambara.
642350	646170	Ko mana kami cogo wo cogo, u b'a f'an ye,	Le problème quelque soit sa gravité, ils nous informent,
645750	649670	an seko ye min ye, saraka min bɛ bɔ, an b'o f'u ye.	nous faisons de notre mieux à trouver une solution, et leurs disons les sacrifices à faire.
649250	650970	U b'o saraka bɔ.	Ils font ces sacrifices que nous leur demandons.
652440	654260	N'an bɔra yen,	Après cela,
655321	658770	 n bɛ na kuma n yɛrɛ ka adamadenya kan.	je vous parlerai de ma propre vie.
660241	664270	Ne ba ye denkɛ cɛ wɔɔrɔ sɔrɔ,	Moi, ma maman a eu six garçons,
663850	666770	a bɛɛ sara fɔ ne kelen.	ils sont tous décédés à part moi.
666109	669260	Min dara ne kan, o balola.	Celui qui m'a suivi, mon frère cadet, a aussi vécu.
668840	670660	Wɔ ne fa ko:	Alors mon père a dit:
670150	671570	donc, 	donc,
671150	674070	a bɛ ne ta, ka taa ni ne ye,	il va me prendre et m'amener
673998	677670	ka taa n di ɛ, a tɛnɛn, a balima muso ma.	à sa tante, à sa soeur.
677050	680070	Ne lamɔna n'tɛnɛn muso bolo.	Moi j'ai été élévé par ma tante, la soeur de mon papa.
679650	683360	N nana se ɛkɔli la don ye,	Quand j'ai atteint l'âge d'entrer à l'école,
682870	686970	a ye n taa ka na n don ɛkɔli la, ɛ Bozola.	elle m'a pris et m'a inscrit à l'école de Bozola.
686877	690880	N ye ɛkɔli kɛ fo ka se san seegin ma.	J'ai fait l'école jusqu'à huit ans.
690956	693870	San seegin kɔnɔ, bana nana n minɛ,	Durant ces huit années, je suis tombé malade,
694105	696460	ka kuduba bɔ n sen na.	victime d'un grand ganglion sur mon pied.
695967	698970	U nana k'u bɛ nsen tigɛ, n ba ko nsen tɛ tigɛ.	Ils sont venus nous proposer une imputation de mon pied malade, chose que ma maman a refusé.
698438	700970	U y'a furakɛ k'a ban.	Ils m'ont traité jusqu'à ma guérison.
700639	702470	N sɔrɔl'o la,	J'ai ensuite,
702609	707070	ka fara n fa kan, ka kɛ jago, jago l'a fɛ.	rejoint mon papa pour être, pour l'aider dans le commerce.
706850	708770	N bɛ jago kɛ,	Je fais du commerce,
708574	711120	n bɛ taa Moti.	je vais à Mopti.
710458	712278	A bɛ jɛgɛ san,	Il achetait du poisson,
711931	715570	n'a ye jɛgɛ san a bɛ nd'a kan, o y'a sɔrɔ denmisɛnya bɛ n'na.	quand il achetait du poisson, il me faisait accompagner, à l'époque j'était trop jeune.
715500	718170	N bɛ ta'a feere Gana.	Je partais vendre au Ghana.
717650	720270	O y'a sɔrɔ Gana tɔgɔ ko Gold cost	En ce moment Ghana s'appelait Gold Cost.
720165	722370	Gold cost kɔrɔ ye mun ye?	Que veut dire gold cost?
722150	725570	Sanu bɛ bɔ dugu min na, o ye gold cost ye.	Le pays qui exploite de l'or, est appelé gold cost.
725147	728270	Mɛ a angilɛ kan ye gold cost.	Mais en anglais c'est gold cost.
728194	732560	N bɛ bɔ ye, ni n ye jɛgɛ feere, 	Je quitte la-bàs après avoir vendu mes poissons,
732110	737270	n bɛ wari don jɔ la, ka na ni jɔ ye, n fa b'a di bosow ma.	j'achète des filets de pêche pour amener, et mon papa les donne aux pêcheurs.
736883	740970	Bosow b'a san.	Les pêcheurs l'achètent.
740650	742570	N'an y'a d'u ma,	Si on leur donne,
742640	744770	u b'a san cogodi?	comment ils payaient?
745025	749060	U bɛ taa n'a ye ka jɛgɛ minɛ.	Ils l'amènent pour pêcher des poissons.
748546	750366	Ni jɛgɛ minana,	Une fois les poissons pêchés,
750470	753870	u mana jɛgɛ min sɔrɔ,	la quantité obtenue,
753340	756060	u bɛ n'o d'an ma, a sara ye.	nous était donnée comme l'équivalence du prix du filet de pêche.
755616	758670	An fana mana jɛgɛ feere, 	Si nous aussi, vendons les poissons,
758144	760270	an b'a don balo la,	C'était pour acheter de la nourriture,
759740	762660	ka taa di bosow ma, sara t'a n'u cɛ.	et donner aux pêcheurs, car il n y'a pas de rembourssement entre nous.
763002	766570	Ne ye n ka denmisɛnya k'o kɔnɔ, ka mɔ o kɔnɔ	Moi j'ai fait mon enfance et grandi dans cette situation,
766438	768670	an ma kan fila dɔn.	sans connaitre deux langues, deux chemins.
768750	773070	N'na mɔɔna danbe kɔnɔ, adamadenya kɔnɔ.	J'ai été élévé et éduqué dans la dignité et dans l'humanisme.
773150	775070	N'i fa,	Si ton père,
775123	777870	i kɔrɔkɛ ko dan yan, 	ou ton grand frère t'ordonne de t'arrêter,
777250	780070	i bɛ dan yen, i tɛ tɛmɛ o kan.	tu vas te conformer à ses ordres, sans transgresser les limites.
780050	784470	N'i ba, i fa ye muso filanan min furu,	Si ta maman, ton papa se marie à une deuxième femme,
783743	788160	i bɛ ta k'i d'o de ma, i tɛ ba wɛrɛ dɔn i yɛrɛ la fɔ o.	c'est à celle-là que tu es donné et tu ne connaîtras de maman qu'elle.
788650	791470	I b'i ka adamadenya bɛɛ kɛ, ka mɔɔ ten.	C'est comme ça que tu feras toute ta vie.
791150	792970	 Mɛ bi mɔɔ,	Mais l'éducation d'aujourd'hui,
793047	796270	a tiɲɛ na pariseke bɛɛ ko ne ta,	elle est gatée, parce que chacun ne voit que sa propriété, son interêt.
795950	797802	ne yɛrɛ kelen ta.	ma propriété à moi seul.
797450	799270	An ma lamɔɔ o kɔnɔ.	Nous nous n'avons pas été éduqués dans ce sens.
798797	802070	An lamɔɔra danbe de kɔnɔ.	Nous, nous avons été éduqués dans la dignité.
801649	806970	I mana di mɔgɔ min ma, o de y'i fa ye, o y'i ba ye;	La personne qui s'occupe de ton éducation est ton papa et ta maman.
807139	811870	An lamɔɔna o de kɔnɔ, ka muso furu o kɔnɔ, ka den sɔrɔ o kɔnɔ.	C'est dans cette situation que nous nous avons été éduqués jusqu'au mariage et jusqu'à avoir des enfants.
812251	816070	O lada, a ma tiɲɛ, a tana ma tiɲɛ.	Cette coutume n'a pas été compromise, ni ses principes.
817846	819666	N'an bɔr'o la	Si on avance,
819650	822070	ne yɛrɛ ka adamadenya jujɔn,	l'origine de ma propre vie,
823540	826470	n ye kasara caman sɔrɔ.	J'ai été victime de beaucoup d'accidents.
827250	829070	U nana fɔ n ba ye,	Ils sont venus dire à ma maman,
828690	833470	ko a ka n'a to, n ka bɔ n kelen na.	de ne pas me laisser sortir seul.
833250	836970	N'otɛ n bɛ to kasara la.	Que sinon je périrai dans un accident.
837050	838970	Ne ko nba ma,	Moi j'ai dit à ma maman,
839140	840960	bila Ala kɔ.	de tout remettre à Dieu.
841761	843581	Ne kɔrɔkɛ,	Moi mon grand frère,
843850	846670	o tanɲana, ne dɔgɔnin tanɲa na,	il est décédé, mon frère cadet est décédé,
846250	848670	ɔ ne bɛ k'i jigi ye.	alors moi je serai ton espoir.
848050	852570	Ka n ɲɛnama to, i tɛ kɔngɔ i tɛ malo.	De mon vivant, tu n'auras pas faim et tu ne seras pas humilié.
853250	856370	N ye nba ta fo ka ta'a se a ka saya ma.	J'ai pris en charge ma maman jusqu'à sa mort.
855940	859070	Ka nfa fana ta fo ka ta'a se a ka saya ma.	J'ai aussi pris en charge mon père jusqu'à sa mort.
859402	861320	Ne yɛrɛ bɛ yɔrɔ min na bi,	Moi même là où je suis aujourd'hui,
861210	864760	ɲinan ye na san biwɔɔrɔ ani san kɔnɔntɔ ye.	cette année me fait soixante neuf ans.
864950	866930	N bɛ barika da Ala ye,	Je remercie Dieu,
866650	869370	n'bɛ barika da n bɔ kolo mɔgɔw ye.	Je remercie mes origines, mes parents.
869235	872270	Ne filɛ bagaw, ne ye bagaw 	Vous qui me suivez,
873518	876570	N b'aw fo k'aw barika da.	Je vous remercie.
877450	879270	N baw fo,	Je vous remercie
879640	881560	dantɛ foli min na.	infiniment.
881650	883570	An bɛ kɛnɛ min kan nin ye,	La présente circonstance,
883764	886270	an bɛ kodɔn kɛnɛ de kan.	C'est une occasion d'expérience et d'apprentissage.
885950	887872	N'i ko kodɔn,	Quand tu parles du savoir,
887544	890170	I ko sabati,	tu as parlé du progrès,
890232	894670	i ko mɔgɔw tɛ min dɔn, k'o f'u ye.	tu as parlé de l'enseignement.
894955	898180	i bɛ min fana dɔn, ka dɔ fara i ka dɔninya kan.	C'est aussi une occasion d'enrichissement des connaissances.
897840	901070	O de ye kodɔn ye, o ye adamadenya ye.	C'est ça la connaissance, et c'est ça l'humanisme.
901350	903270	Ni n bɔra yen,	Après cela,
903450	906530	n bɛ don ɛ 	je viens à...
906850	908772	ɛ, Mɛɛna.	Mɛɛna.
908509	912770	Mɛɛna ye miɲɛnka ni jɔka cɛ ye.	Mɛɛna est entre les minianka et les Joka.
912327	915870	Olu, olu ye Konatɛw,	Eux, eux ils sont des Konaté,
916250	918470	ani Wulalɛw.	et les Wulalé.
918170	920870	Wulale y'u ka moribonda ye.	Les Wulalé constituent leur famille maraboutique.
920640	923670	Konatɛw, olu y'u ka (incompréhénsible)	Les Konaté sont leurs (incompréhensible)
924250	926870	Olu bɛ, ɛ numunya kɛ,	Eux ils exercent le métier de forgeron,
927450	929070	k'a d'u ma.	pour eux.
928840	934070	Bon, moriw, olu bɛ moriya kɛ, kasara minnu bɛ na, u b'o fɔ.	Bon les marabouts, eux ils font le maraboutage et prédisent les problèmes.
933877	937870	Aw ye nin saraka bɔ, aw ye nin bɔ, aw ye nin bɔ.	Faites tel où tels sacrifices, faites ceci, faites cela.
937350	939070	U b'o bɔ,	Ils exécutent,
939550	941770	u bɛ kisi kasara ma.	et ils sont protegés.
942737	944470	Ni n bɔra yen,	Après cela,
944850	946370	nbɛ na,	je viens à
947050	948870	ɛ, Bozola.	Bozola.
949340	951560	N'nana se Bozola,	Arrivé à Bozola,
951459	953570	ka n ka denmisɛnninya kɛ yen	j'y ai fait mon enfance,
953050	954870	ka ɛkɔli kɛ yen.	fait mon école.
954850	956370	Ka bɔ yen,	Après la-bàs,
957350	963070	ka na sigi komini wɔɔrɔnan na n'o ye sigida wɔɔrɔnan ye Sogonikɔ.	je suis venu m'installer à Sogoniko en commune VI.
962740	964570	N nana yen,	Je suis venu la-bàs,
965226	973170	san bakelen ani san kɛmɛ kɔnɔntɔ ani san bi wɔɔrɔ ani naani.	en mille neuf cent soixante quatre.
973630	978270	N nana n sigi yen, n ni nfa, an sigi yen, k'an ka adamadenya bɛɛ kɛ yen	Je suis venu m'installer la-bàs avec mon père pour le reste de notre vie.
979150	980970	O tɛmɛne kɔ,	Après cela,
980450	984170	n nana b'o la, n ye tunga minɛ.	j'ai ensuite fait face à l'aventure.
984450	986470	n ye tunga minɛ minkɛ,	quand j'ai commencé l'aventure,
986851	990970	n ye dugu tan ani duuru kɛ.	j'ai fait quinze pays.
991359	993179	N ka dugu fɔlɔ, 	mon premier pays,
993600	996370	o kɛra ɛ, Sɛnɛgali ye.	a été le Sénégal.
997050	998970	N'i ko Sɛnɛgali,	Quand tu dis Sénégal,
999557	1001860	tubabw sera yen tuma minna,	quand les Blancs y sont arrivés,
1001678	1005870	u nana fɔ, ɛ, Sɛnɛgali sigibagaw ye,	ils sont venus dire aux Sénégalais,
1005381	1008970	aw ye ba tigɛ ni n ye, aw ka n bila ba kɔfɛ.	faites moi traverser le fleuve et me mettre sur l'autre rive.
1008450	1011370	Mɛ, olu fɛ yen,	Mais chez eux la-bàs,
1011350	1014470	ba bɛ tigɛ ni kurun min ye, o de tɔgɔ ko Seegali	C'est la pirogue qui permet de traverser le fleuve qui s'apelle Ségal.
1014400	1017570	Mɛ u y'a yɛlɛma k'a kɛ Sɛnɛgaliɛn ye.	Mais ils l'ont transformé en Sénégalais.
1018250	1022170	N'otɛ Seegali de don, wɔlɔfɔkan de don.	Sinon c'est Ségal dans la langue Wolof.
1022441	1025370	Ɛɛ, Wɔlɔfɔ bosow  de ka kan don.	C'est une expression des pêcheurs Wolof.
1024940	1029170	Ɔ, n taara Sɛnɛgali, ka n to yen ka taa Ganbi.	Alors je suis parti au Sénégal, de la-bàs je suis entré en Gambie.
1029350	1031270	N bɔra Ganbi,	J'ai quitté la Gambie,
1031353	1033970	ka don Gine Bisawo,	pour la Guinée Bissau,
1033550	1036970	ka wari ɲinin yen ka wari sɔrɔ,	cherché et trouvé de l'argent la-bàs,
1036540	1039760	kana, n nana ka n'a di nfa ma.	pour venir le donner à mon père.
1039450	1042560	Nfa nana kɔrɔ k'a dɛsɛ.	Mon père est devenu vieux et affaibli.
1042850	1044560	A tor'o la,	Dans cette situation,
1044672	1048370	a ko bɔn a, sisan ne kɔnin, se tɛ ne ye.	il dit: "bon maintenant moi quand même je n'ai plus de force ni de moyen".
1048766	1050970	Ne kɔnin ka ko bɛɛ dulonni b'i la.	Moi je suis entièrement dépendant de toi.
1050162	1056070	N ko aa, tant que ne balolen kɔni bɛ yan, i tɛ kɔngɔ, i tɛ minɔgɔ.	Je lui ai dit que: en tant que moi je suis vivant ici, tu n'auras ni faim, ni sauf.
1056640	1059260	Nba ye mɔgɔkunba saba ye.	Mes maman sont trois vieilles dames.
1059986	1065170	Maraka muso fila ani fula muso kelen, ne yɛrɛ bɔra min na, o ye fula ye.	Deux femmes Soninké et une femme peuhle, celle qui m'a enfanté est peuhle.
1065050	1069370	Min..., nfa ye muso min furu k'a fara nba kan,	La femme que mon papa a marié pour seconder ma maman,
1069113	1071170	o ye Ɲɔrɔ ka ye.	est de Nioro.
1070797	1074870	Jawara don, tontigiw don, kɛlɛkunw don.	Elle est Diawara, elles sont guerrières et chefs de guerre.
1074850	1076570	Min dar'o kan,	Celle qui la suit,
1076240	1078170	O ye Tunkara ye.	est Tounkara.
1077650	1079570	O bɔra Gunbo.	Elle vient de Goumbo.
1079740	1084370	Gumbo? Wagadugu dugu ɲɛnama don.	Goumbo est un important village de Wagadougou.
1085157	1086977	Marakaw de bɛ yen.	Ce sont les Sonikés qui y sont installés.
1087520	1089370	Ni n bɔra yen, 	Après cela,
1090056	1091570	n bɛ na,	je viens à
1092050	1093570	Bamakɔ,	Bamako,
1093750	1095570	ka diɲɛ minɛ.	pour continuer ensuite dans le monde.
1095637	1097960	N wara Burukina,	Je suis parti au Burkina,
1097350	1099360	ɛ, Ɔtiwɔlita.	en Haute Volta.
1099010	1102760	O y'a sɔrɔ a bɛ fɔ ko Ɔti Wɔlita, ka na baara kɛ yen,	A l'époque on disait Haute Volta, j'ai travaillé la-bàs,
1102850	1106670	ka fɛn sɔrɔ, ka segin ka n'a di nfa ma.	trouvé de quoi à donner à mon père.
1106250	1108670	N nan'o la ka don jɔba kɔnɔ.	A mon retour, je suis rentré dans la brousse.
1108853	1111670	N ye galama sɛnɛ,	J'ai cultivé la louche,
1111239	1113670	ka filen sɛnɛ.	j'ai cultivé la calebasse.
1113385	1117870	N'i a sera, n b'a ta, n bɛ taa Moti,	A la fin des récoltes, je les prends pour aller à Mopti,
1117450	1119170	N bɛ ta'a feere yen,	pour les vendre la-bàs,
1118959	1121970	ka segin, n b'a wari don jɛgɛ la.	ensuite j'achète du poisson avec cette somme.
1121748	1124570	Ni n nana ni jɛgɛ ye,	Quand j'amère ces poissons,
1124087	1128110	n bɛ don bamanan duguw la, n b'a feere,	je sillonne les villages bambara pour les vendre,
1128950	1132180	ɛ, jɔka ma, ani miɲanka ma.	aux joka et aux Minianka.
1132809	1137160	Miɲankaw b'a san, ka taa cikɛ yɔrɔ la, dɔgɔduguw la.	Les Minianka les achetaient pour aller travailler dans les villages.
1136950	1138870	Dɔgɔdugu ye mun ye?	C'est quoi Dɔgɔdugu?
1138344	1140164	Dɔgɔkun wo dɔgɔkun,	Chaque semaine,
1141272	1143870	Ɛ, aw bɛɛ bɛ ɲɔgɔn sɔrɔ ye.	vous vous rencontrez tous la-bàs.
1143550	1145970	Min bɛ na sanni kɛ, 	Ceux qui viennent acheter,
1145566	1148670	o bɛ kwa san, o bɛ jɛgɛ san.	achetent le sel, achetent du poisson.
1148099	1150470	Bon a bɛ fɔ ko gwatigikɛ,	Bon, on dit chef, le maître de la famille,
1149923	1152470	gwatigikɛ de bɛ n'o san, muso tɛ ta.	c'est le chef de famille qui vient acheter ces choses là, mais pas les femmes.
1152153	1154770	A mana o fara ɲɔgɔn kan,	Quand il réunit toutes ces choses là,
1154250	1157670	a bɛ n'o di gwatigi muso ma.	il vient les donner à la femme du foyer.
1157161	1160270	Ni tobili bɛ min na, o bɛ ta k'a d'o ma.	On le donne à la femme qui est au tour.
1160013	1161870	Ni dumuni bɛ na kɛ,	Au moment du repas,
1161532	1164070	dumuni bɛ kɛ foroba dumuni de ye.	le repas est collectif, commun.
1163750	1165370	Aw bɛ sigi.	Vous vous asseyez.
1166234	1168170	Ni gwatigi nana,	A l'arrivé du chef de foyer,
1168050	1171870	kamalenkun ye minnu ye, a bɛ olu ta bɔ a dan ma,	les jeunes se regroupent à part,
1171346	1173166	olu bɛ o dun.	pour manger.
1172550	1174170	Cɛkɔrɔbaw yɛrɛ,	Les vieux eux-même,
1173840	1176160	olu b'i sigi k'u ta dun.	s'assoient pour manger.
1175907	1178170	Minnu ye musokɔrɔbaw ye,	Quant aux vieilles dames,
1177750	1180770	musokɔrɔbaw bɛ u ta dun u dan ma.	les vieilles mangent à part.
1180846	1184570	Ɛ, minnu sera npogotigi ye, 	Alors les jeunes filles,
1184140	1185960	olu b'u ta dun i dan ma 	elles mangent ensemble.
1185170	1188260	Denmisɛnni fitiniw, olu b'u ta dun u dan ma.	Les enfants, ils mangent ensemble.
1187862	1191560	Ne mɔɔna o de kɔnɔ, ka wolo o kɔnɔ.	C'est dans cette situation que je suis né et grandi.
1188272	1194700	N bɛ bɔ yen, n bɛ na To.	Je quitte là-bas pour venir à To.
1193832	1205780	Ɛɛ Kana, i mana bɔ Tisala i bɛ ba tigɛ ka na Kana.	Eh Kana, quand tu quittes Tisala, tu traverses le fleuve pour venir à Kana.
1202662	1207790	Kana, kɛlɛmasadugu don.	Kana est un village de guerriers.
1204582	1209310	Cɛfarindugu don.	C'est un village d'hommes forts.
1205852	1212920	U ye kɛlɛ kɛ ka kɛlɛ mɔɔnɔbɔ Bitɔn fɛ.	Ils ont fait la guerre et la poursuivre derrière Biton.
1211112	1218610	U farala Bitɔn kan, u ma siran, u ma yɔgɔyɔgɔ.	Ils ont soutenu Biton, ils n'ont ni craint ni paniqué.
1217443	1227930	N bɛ bɔ yen, n bɛ don Bitɔn ka dugu kɔnɔ.	Après là-bas, je rentre dans le village de Biton.
1225242	1229760	Ɲamana.	Niamana.
1226362	1233340	Bɛndugu Ɲamana, bamanandugu, cɛfarindugu.	Bendougou Niamana, un village de bambaras et de guérriers.
1230532	1239000	Bitɔn bɔra yen ka na donsoya la Segu.	Biton a quitté là-bas pour venir faire la chasse à Ségou.
1235922	1243160	A ye sogo de bon, a ye sogo nɔminɛ.	Il a tiré et poursuivi le gibier.
1240712	1247250	K'a nɔminɛ fɔ ka taa se 	Inaudible
1244485	1250530	A taara se jiri dɔ kɔrɔ.	Il est arrivé sous un arbre.
1247412	1252160	A yɛlɛnna k'i sigi yen.	Il est monté sur cet arbre.
1250225	1262630	Kɔnɔw nana fɔ a ye : a donsokɛ n'i ye yan sɛnɛ, i b'a kɛ fini ye.	Les oiseaux sont venus lui dire: ah, chasseur, si tu cultives ici, il faut cultiver le fonio.
1259542	1268410	N'i y'a kɛ fini ye, kɔnɔw man'a ta k'a dun, i bɛ yen mara.	Si tu cultives le fonio, partout où les oiseaux vont amener ses grains, tu gouverneras là-bas.
1266205	1273100	A seginna ka na Bɛndugu Ɲamana.	Il est retourné à Bendougou Niamana.
1269902	1278000	A nana Ɲamana min kɛ, kɔnɔw ye fini in bɛɛ dun. U y'a lagosi k'a lakari. 	Lorsqu'il est venu à Niamana, les oiseaux ont picoré tout le fonio; il a été saboté.
1275352	1286720	A seginna ka na, surugu ko a ma: i bɛ taa, i bɛ ba tigɛ.	Il est retourné, l'hyène lui a dit: il faut traverser le fleuve.
1283372	1291990	I bɛ ba tigɛ, n'i taara se Segu, yen y'i sigiyɔrɔ ye.	Tu traverses le fleuve et si tu arrives à Ségou, c'est là-bas que tu dois t'installer.
1288712	1297270	[Mais] i bɛna sigi fanga kunna [mais] bɛnka caman b'a la dɛ.	Tu seras roi mais c'est avec beaucoup de conventions.
1294642	1301560	U bɛn'a fɔ u ka kalabɔ kɛ.	Ils vont décider d'organiser des élections.
1298442	1305270	Kalabɔ mana kɛ, u b'a fɔ k'u ma jɛn n'a ye.	Après les élections, ils vont dire qu'ils ne sont pas d'accord avec ton pouvoir.
1302382	1307830	U bɛna kalabɔ kɛ tun, u b'a fɔ k'u ma jɛn n'a ye.	Ils vont reprendre les élections, ils diront toujours qu'ils ne sont pas d'accord.
1304572	1309620	U y'okɛ fɔ siyɛn wolonwulan.	Ils ont fait cela jusqu'à sept fois.
1306552	1315350	Bamanan cɛkɔrɔba ba dɔ bɛ yen, o ko : a' ye fara hasidiya ma.	Il y avait un vieux bambara qui leur a dit : arrêtez la jalousie.
1315522	1321530	Kala tako duuru wɔɔrɔ a [gagnera].	Sept élections, il a gagné.
1318252	1322580	A' y'a to.	Laissez-le!
1319382	1325090	[Bon] Bitɔn kɔrɔ ye bi tɔn.	Bon Biton veut dire Bi-ton.
1322402	1328500	O de kɛra Bitɔn n'o tɛ a tɔgɔ ye Mamari.	C'est ce qui est devenu Biton sinon son nom est Mamari.
1326832	1332930	Bi tɔn bi tɔn o de kɛra Bitɔn ye.	Bi-ton bi-ton c'est ce qui est devenu Mamari.
1329822	1336580	O la a yɛrɛ dalen bɛ yɔrɔ jumɛn?	Alors où est-ce qu'il repose?
1333372	1338050	O ye Sekɔrɔ ye.	ça c'est Sekôrô.
1334782	1340810	N'i ko Sekɔrɔ, fanga kɔrɔla yan.	Quand tu dis Sekôrô, le pouvoir a vieilli ici.
1337602	1342300	Fanga basigira yan.	Le pouvoir s'est stabilisé ici.
1339302	1344000	A kaburu bɛ yen.	Sa tombe se trouve là-bas.
1341032	1348310	N'i bɔra Sekɔrɔ i bɛ na Sebugu.	Quand tu quittes Sekôrô, tu viens à Sébougou.
1345122	1350020	Sebugu kɔrɔ ye mun ye?	Que signifie Sébougou?
1346622	1353280	Fanga bugunna yan k'a basigi yan.	Le pouvoir s'est développé et stabilisé ici.
1350502	1356780	I bɛ bɔ Sebugu ka na Sekura.	Tu quittes Sébougou pour arriver à Sékoura.
1353682	1358380	Sekura kɔrɔ ye mun ye?	Que signifie Sékoura?
1355392	1360160	Fanga kurala yan.	Le pouvoir s'est renouvelé.
1357692	1363510	I bɛ bɔ Sekura ka na Segu.	Tu quittes Sékoura venir à Ségou.
1360362	1366010	Segu, fanga seginna so.	Ségou, le pouvoir est revenu à la maison.
1365732	1376180	Fanga mɔɔnɔbɔra yen k'a jɛnsɛn ka yɔrɔ bɛɛ minɛ.	Le pouvoir s'est élargi là-bas et s'est répandu pour dominer partout.
1374212	1385440	Fanga bɔlen yen, u ye kɛlɛkɛcɛw ta ka taa Kɔrɛ.	Après ils ont emmené les guerriers à Kôrè.
1381862	1386830	Ka taa Kɔrɛ Dugakɔrɔ sigi.	Pour aller introniser Kôrè Dugakôrô.
1383732	1390200	Ka bɔ yen ka taa Jakuruna ka Toto sigi yen.	Après là-bas ils sont allés à Diakourouna pour introniser Toto.
1386962	1391660	Olu ye kɛlɛ cɛfarinw ye.	Ce sont des guerriers.
1388052	1396690	Ni ko k'u bɛ muruti, olu bɛ olu kunbɛn ni marifa ye.	En cas de révolte, ils les contrecarrent avec les fusils.
1394032	1399090	Kɛlɛcɛ caman b'u bolo.	Ils ont beaucoup de guerriers.
1397312	1404870	Ni kɛlɛ nana bin Segu kan, u bɛ fara Segu kan ka kɛlɛ kɛ.	Si on attaque Ségou, ils aident Ségou à faire la guerre.
1404236	1410310	I mana bɔ yen, i bɛ na Too.	Quand tu quittes là-bas, tu viens à Too.
1408672	1417650	Bila kɛrɛfɛ dugu dɔ bɛ yen ko Jaramana.	A côté de Bla, il y a un village appelé Diaramana.
1414602	1420030	Jaramana, bamananw don.	Diaramana, ce sont des bambaras.
1417112	1424440	Bamanan minnu don, o duuminen bɛ sɛnɛ de kan.	Ce sont des bambaras qui sont basés sur l'agriculture.
1422113	1430030	Jaramana kɔrɔ ye min ye, anw b'an ja yan kan, an tɛ bɔ yan.	Diaramana signifie : nous nous appuyons sur ici, nous ne quitterons pas ici.
1426752	1431644	O de kɔrɔ ye ko Jaramana.	Cela veut dire Diaramana.
1437442	1453170	N'i bɔra Jaramana, i bɛ na Ntoranaso.	Quand tu quittes Diaramana, tu viens à Ntoranasso.
1449762	1455450	Ka bɔ Ntoranaso ka na Yangaso.	De Ntoranasso à Yangasso.
1452922	1458700	I bɛ bɔ Yangaso ka na Bila.	Tu quittes Yangasso pour venir à Bla.
1456162	1460921	A bɛɛ ye Jɔkadugu ye.	Tous sont des villages de Diôka.
1458162	1465540	Malew bɛ yen, Tangara bɛ yen, Buwarɛw bɛ yen.	Il y a des Mallé, des Tangara, des Bouaré.
1462802	1468860	N'i ko Male, Male ye Jɔka ye.	Si tu dis Mallé, c'est le Diôka.
1465972	1471860	N'i ko Tangara, Tangara ye bamanan ye.	Si tu dis Tangara, les Tangara sont des bambaras.
1469342	1477620	U ye Segu dɛmɛ kɛlɛ la, Tangara, Buwarɛ, Kulubali.	Ils ont aidé Ségou pendant la guerre: les Tangara, les Bouaré, les Coulibaly.
1474692	1482280	Olu de farala Segu masakɛ kan ka kɛlɛ kɛ.	C'est eux qui ont aidé le roi de Ségou à faire la guerre.
1480092	1486980	Nin n bɔra yen, n bɛ na Too.	Je quitte là-bas pour venir à Too.
1483772	1491340	O ye Miɲankala ni Jɔka cɛ ye.	ça c'est entre Diôka et Miankala.
1488482	1495420	Dugu dɔ bɛ yen ko Ngolokunna, Ngolokunna Seriba ka dugu ye.	Il y a un village appelé Ngolokouna,  c'est le village de Ngolokouna Sériba.
1492162	1496720	Olu ye Jirew de ye.	Ce sont des Djiré.
1493704	1499180	U fana nana mɔriyasen de fɛ.	Ils sont aussi venus par voie de maraboutage.
1495942	1500640	Jire kɔrɔ ye mun ye?	Que signifie le nom Djiré?
1498318	1503016	Gireli mɔrikɛ.	Le marabout de Kireli.
1500082	1506700	Gireli mɔrikɛ, o de yɛlɛmana k'o kɛ Jire ye.	Le marabout de Gireli, c'est ce qui est devenu Djiré.
1503972	1508670	Jireya nana tan.	Le nom Djiré est venu comme ça.
1506782	1516220	[Bon] n bɛ bɔ yen, n bɛ taa Dakumana.	Bon, je quitte là-bas pour aller à Dakoumana.
1513252	1519070	Dakumana, bamanan dugu don.	Dakoumana, c'est un village bambara.
1515702	1524020	Kodɔn dugu don [mais] u ka kodɔn, muso de y'a di u ma.	C'est un village de savoir; mais leur savoir leur a été donné par une femme.
1520612	1528970	O de nana ni laadafɛn ye k'a di u ma.	C'est elle qui est venue leur donner le fétiche.
1525702	1532680	Laadafɛn in dilen, u bɔra k'u bɛ taa muso in bila.	Après avoir pris le fétiche, ils sont sortis pour aller accompangner la femme.
1529302	1539970	U ko a n'an ye muso in to yen n'an m'a janfa, a bɛna taa a di maa wɛrɛ ma.	Ils se sont dit, si nous laissons partir cette femme, elle va aller donner la même chose à quelqu'un d'autre.
1536852	1542630	U ye muso janfa yen.	Ils ont trahi la femme là-bas.
1542582	1547420	Laadafɛn tora u bolo.	Le fétiche est resté avec eux.
1544212	1549470	Dalilubɔ.	Un rite.
1546202	1555750	Ni dalilu in bɛ bɔ, sankunbɛn o sankunbɛn bɛɛ bɛ bɔ, a' bɛ taa dalilu bɔ.	Chaque nouvel an, tout le monde sort pour célébrer ce rite.
1552742	1562060	N'u ma mɔgɔ sɔrɔ, min ye dakuntigi ye o bɛ sa.	S'ils ne trouvent personne, le maître de la cérémonie rituelle meurt.
1558452	1564610	[Mais] n'u y'e ye, e bɛ sa.	Mais s'ils te voient, toi tu meurs.
1561362	1566790	N'e y'u ye, e bɛ sa.	Si toi tu les vois, tu meurs.
1563522	1568790	U nan'a fɔ ko Dakumana.	Ils ont fini par dire Dakoumana.
1565662	1573270	O kɛra Dakumana ye, u bɛ dalilu de bɔ; laadalafɛnw don.	C'est qui est devenu Dakoumana; ils pratiquent les rites traditionnels.
1570710	1576620	Ka bɔ yen ka na Galakan.	De là-bas à Galakan.
1573682	1581980	Galakan, olu sigira yen ko anw b'an galamantɔn yan.	Galakan, eux, se sont installés là-bas en disant : nous nous établissons ici.
1578832	1583280	O kɛra Galakan ye.	C'est ce qui est devenu Galakan;
1580232	1584510	Bamananw don.	Ce sont des bambaras.
1581432	1589570	U ko Bitɔn, an bɛ fara i kan k'i dɛmɛ kɛlɛ la.	Ils ont dit à Biton : nous allons t'aider à faire la guerre.
1586292	1592190	I kana s'an ma, an kana se i ma.	Tu ne nous attaqueras pas, nous ne t'attaquerons pas.
1588732	1593390	An t'i janfa.	Nous ne te trahirons pas.
1590282	1594790	O ye Galakan ye.	ça c'est Galakan.
1591722	1599680	N'i bɔra yen, i bɛ na Ɲeca.	Quand tu quittes là-bas, tu viens à Niétcha.
1596642	1605050	Ɲeca, olu ye bamananw ye [mais] Tangaraw don.	Niétcha, ce sont des bambaras mais des Tangara.
1602332	1608710	Tangara minnu don, bamananw don.	Ce sont des Tangara bambaras.
1606112	1612460	U bɔra Bila ka na sigi Ɲeca. 	Ils ont quitté Bla pour venir s'installer à Niétcha.
1610082	1623300	N bɛ bɔ yen, n bɛ n munu-munu n bɛ taa Kɔnina.	Je quitte là-bas, je quitte là-bas pour partir à Kônina.
1620532	1628690	Kɔnina, mɔri gɛlɛnw taara sigi yen.	Kônina, des marabouts réputés sont allés s'installer là-bas.
1625322	1630460	O lu ye Konatɛw ye.	Ce sont des Konaté.
1627282	1632320	Konatɛw de sigira yen.	Les Konaté se sont installés là-bas.
1629292	1637970	[Mais] minnu y'a tu tigɛ, olu ye Jaraw ye.	Mais ceux qui l'ont fondé sont des Diarra.
1634922	1640040	Nka Konatɛw de y'a tɔgɔ sɔrɔ.	Mais ce sont les Konaté qui ont pris le nom.
1636792	1645120	Dɔw bɛ dugu tu tigɛ, o ni dugukolo tigui o tɛ kelen ye.	Y en a qui fondent le village mais qui sont différents des propriétaires de la terre.
1642522	1652960	[Bon] ni laadako min nana, minnu ye dugukolotigiw ye, olu b'a kuma fɔ.	Bon, quand une question de tradition arrive, ceux qui sont les propriétaires des terres, ce sont eux qui en discutent.
1649672	1656560	Dɔ ninnu bɛ kɛ, dugutigiya bɛ falen-falen u ni ɲɔgɔn cɛ.	Les chefs de village sont choisis parmi les autres-là.
1654712	1659550	O ye Jɔkala kɔnɔ ye.	ça c'est à l'intérieur de Diôkala.
1656352	1662510	Jɔka ye kɛlɛ kɛ ka kɛlɛ kɛ.	Le Diôka a assez fait la guerre.
1659122	1668830	Ni n bɔra yen, n bɛ na don Segu bafɛbolo kɔnɔ.	Quand je quitte là-bas, je viens dans la partie de Ségou vers le fleuve.
1667522	1673630	I bɛ ba tigɛ ka taa Kala.	Tu traverses le fleuve pour aller à Kala.
1670642	1680940	Ka bɔ yen ka taa Bakarijanna.	De quitter là-bas pour aller à Bakaridianna.
1677832	1683410	Bakarijan wolola min?	Où est né Bakaridian?
1680472	1685584	Bakarijan wolola Tamani.	Bakaridian est né à Tamani.
1682465	1689030	Tamani, tɔgɔtigidugu don.	Tamani, c'est un village de célébrités.
1686042	1690640	Dugulendugu don.	C'est un village autochtone.
1687562	1695090	Kabin'a sigira tɔgɔtigi dama de bɛ bɔ yen.	Depuis qu'il est né, il n'y a que les célébrités qui y naissent.
1692702	1699090	Tamani Aba bɔra yen, o y'a tile kɛ.	Tamani Aba vient de là-bas, il a fait son temps.
1696822	1709560	Bakarijan bɔra yen ka taa lamɔn ŋama.	Bakaridian a quitté là-bas pour aller grandir à Ngama.
1706322	1717630	Ka kulusi ta yen, ni ko gɛlɛn min nana, faama b'a bila o la, a b'o kɛ.	Il est devenu homme là-bas et quand une situation difficile arrive, le roi lui confie cela et il la résout.
1714482	1720470	Kɛlɛ nɔgɔyalen, a taara sigi Bakarijanna.	Après la guerre, il est parti s'installer à Bakaridianna.
1717332	1722217	Bakarijanna bɛ ba kɔfɛ.	Bakaridianna se trouve derrière le fleuve.
1719422	1725340	I bɛ bɔ Kalabugu ka taa Bakarijanna.	Tu quittes Kalabougou pour aller à Bakaridianna.
1721762	1729010	N'i bɔra yen, i bɛ taa Bayon.	Quand tu quittes là-bas, tu vas à Bayon.
1725802	1730921	Bayon fana bɛ ba kɔfɛ.	Bayon aussi se trouve derrière le fleuve.
1727982	1734800	N bɛ bɔ yen, n bɛ segin ka na Segu.	Je quitte là-bas et je reviens à Ségou.
1731682	1738120	N'i ko segu, i ko kɛlɛmasadugu.	Qui dit Ségou, dit une ville de guerriers.
1735242	1742410	N'i ko kɛlɛmasadugu, i ko dɔnnidugu, seko.	Qui dit ville de guerriers, dit ville de savoirs et de culture.
1739942	1747150	Bamanan, ne bɛ n bama n yɛrɛ kan.	Bamanan, je m'appuie sur moi-même.
1743702	1749300	N tɛ siri maa na, maa tɛ siri n na.	Je ne dépends de personne, personne ne dépend de moi.
1746612	1751400	O ye bamananya ye.	ça c'est être bamanan.
1748082	1753040	Nka fɔcogo caman b'a la.	Mais il y a plusieurs manières de le dire.
1750012	1758770	Dɔw b'a fɔ maa min banna a ma na.	Certains disent : celui qui a nié son Seigneur.
1755352	1759880	O ye bamanan ye.	ça c'est le bamanan.
1756632	1762720	A fɔko ɲuman ye mun ye?	Quelle est la bonne manière de dire?
1759372	1765070	Maa min b'i bama a yɛrɛ kan, a tɛ siri maa na.	Celui qui s'appuie sur lui-même, il ne dépend de personne.
1761862	1766230	O de bamanan ye.	C'est ça le bamanan.
1764412	1772910	U bɔra yen ka taa Sirabilen.	Ils ont quitté là-bas pour aller à Sirablén.
1770022	1776580	U ye Segu Ngolo dɛmɛ kɛlɛ la.	Ils ont aidé Ngolo de Ségou pendant la guerre.
1774082	1779484	Ka Aladeeli caman k'a ye.	Ils ont fait beaucoup de prières pour lui.
1777032	1783630	N'i bɔra Sirabilen, i bɛ taa	Quand tu quittes Sirablén, tu vas à …
1778262	1786260	Duguba.	Dougouba.
1780322	1789180	Duguba, o ye Duguba alimami ye	Dougouba, ça c'est l'imam de Dougouba.
1782872	1790390	Olu bɔra min?	Ils ont quitté où?
1784154	1792120	U bɔra Marɔku.	Ils sont venus du Maroc.
1786272	1799720	U nanen sigi yen, u ko a anw ka dugu nin, kunko b'an da la, an basigilen tɛ.	Lorsqu'ils sont venus s'installer là-bas, ils ont dit que notre village a des problèmes; on n'est pas stable.
1793612	1804900	U donna kaliwa la ka mɔriya k'u ye.	Ils ont fait une retraite spirituelle pour implorer Dieu pour eux.
1799112	1810640	A mɛnna a mɛnna a ma bɔ, u ko a ko karamɔgɔkɛ k'a kɛra cogo di?	Il a duré sans sortir, ils lui ont demandé pour savoir ce qui n'allait pas.
1804452	1814250	A ko k'a kaminna, kaminna o kɛra Kamite ye.	Il a dit "a kaminna" c'est ce qui est devenu Kamité.
1808222	1818230	Kamiteya nana tan n'o tɛ u jamu tɛ Kamite ye.	C'est comme ça que le nom Kamité est venu sinon leur nom de famille n'est pas Kamité.
1812722	1822730	U bɔra Marɔku, u nana kɛ Kamite ye.	Ils sont venus du Maroc puis sont devenus des Kamité.
1817602	1828870	N bɛ bɔ yen, n bɛ don Dodugubani kɔnɔ.	Je quitte là-bas et je rentre à Dogougoubani.
1822602	1832920	Dodugubani, a dugu fɔlɔ-fɔlɔ o ye Tamani ye.	Tamani est le premier village de Dodougoubani.
1833062	1841440	Dugu tan ni fila don.	C'est douze villages.
1835862	1846490	Dugu wɔɔrɔ o bɛ ba cɛbolo kan.	Il y a six villages sur le côté homme du fleuve.
1840452	1849030	Wɔɔrɔ dɔ, o bɛ ba musobolo kan.	Les six autres villages sont sur le côté femme du fleuve.
1842742	1854670	Ba cɛbolo, o ye n'i ye Marakala tigɛ ka taa Ɲɔnɔ.	Le côté homme du fleuve, c'est lorsque tu traverses Markala pour aller à Niono.
1848652	1856397	O ye ba cɛbolo ye.	C'est là le côté homme du fleuve.
1850582	1860260	[Bon] Seguyanfan, o ye ba musobolo ye.	Bon, le côté de Ségou est le côté femme du fleuve.
1854972	1865380	Kɛlɛ kɛra ten k'u danfara ka bɔ ɲɔgɔn na.	La guerre est faite comme ça pour les séparer.
1860392	1871150	Ni n bɔra yen, n bɛ kuma badabolo kan.	Quand je quitte là-bas, je vais parler sur la bordure du fleuve.
1865262	1875550	N'i ko sɔmɔnɔ, sɔmɔnɔya tɛ siya ye.	Quand tu dis Sômônô, ce n'est pas une ethnie.
1870152	1884380	Siya bɛɛ b'a la, maa min sɔminna jɛgɛminɛ fɛ, o de ye sɔmɔnɔ ye.	Il y a toutes les ethnies dedans, celui qui a commencé tôt la pêche, c'est ça le sômônô.
1878382	1886960	Nka bozo, o ye siya ye.	Mais le bozo est une ethnie.
1880832	1892720	Ba wo n'i ko siya, o ye kan ye nka sɔmɔnɔ, kan t'o fɛ.	Parce que quand tu dis ethnie, c'est la langue mais le sômônô n'a pas de langue.
1886612	1896790	U bɛ bamanankan de fɔ, jamu bɛɛ b'a la.	Ils parlent le bamanankan, il y a tous les noms dedans.
1891002	1906830	Danbɛlɛ b'a la, Fofana b'a la, Jire b'a la, Sogore b'a la, Kanɛ b'a.	Il y a des Dembélé  dedans, des Fofana, des Djiré, des Sogoré, des Kané.
1901412	1910311	Nin bɛɛ ye sɔmɔnɔ ye, Cero b'a la.	Tout ça c'est des sômônô, il y a des Thiéro.
1906902	1920200	Cero, olu bɔra bɔbɔdugu la bɔbɔkɛlɛ bannen.	Les Thiéro sont venus du village Bwa après la guerre Bwa.
1913922	1923720	N'o tɛ Cero ninnu, bɔbɔw de don.	Sinon les Thiéro sont des Bwa.
1917312	1928430	U nana kɛ jibaarakɛla ye min kɛ, u kɛra sɔmɔnɔ ye.	Comme ils sont venus travailler sur l'eau, ils sont devenus des sômônô.
1950942	1961500	N'i ko sɔmɔnɔ, sɔmɔnɔ kɔni kɔrɔ ye n sɔminna fɛ.	Quand tu dis sômônô, ça veut dire j'ai très vite eu le pressentiment.
1955672	1967640	U ye Segu faama dɛmɛ kosɛbɛ.	Ils ont beaucoup aidé le roi de Ségou.
1961232	1973600	Ni nako nana, u bɛ jɛgɛ minɛ u bɛ n'a di faama ma.	Quand il y avait besoin de préparer une sauce, ils pêchaient pour apporter du poisson au roi.
1967762	1979440	Minnu ye donso ye, u bɛ taa sogo faga ka n'a di faama ma.	Ceux qui sont des chasseurs partent faire la chasse pour apporter de la viande au roi.
1973232	1984290	Kɛlɛkɛlaw ka sogo bɛ bɔ a la, faama yɛrɛ ka tobilisogo bɛ bɔ a la.	On enlève la viande que devaient manger les guerriers et aussi celle de la sauce du roi.
1978172	1985510	Olu tun ye donsow ye.	ça c'étaient les chasseurs.
1979042	1988140	N'i ko donso, i ko cɛya.	Qui dit chasseur dit bravoure.
1981832	1990460	N'i ko donso, i ko labɛn.	Qui dit chasseur dit préparation.
1984552	1997030	[Bon] donsow, olu de tun bɛ fara ɲɔgɔn ka ko tɔnjɔnw.	Bon les donso étaient appelés des Tôndiôn.
1990842	1998440	Tɔnjɔn kɔrɔ ye mun ye?	Que veut dire Tondjon?
1992262	2003120	Jama ka kunbɛnnan, olu de bɛ jama ka kɛlɛ kɛ.	Les protecteurs du peuple, c'est le combat du peuple.
1996822	2006580	Tɔnjɔnya nana tan de n'o tɛ mɔgɔ ka jɔnw tɛ.	Le nom Tondjon est venu comme ça sinon ce ne sont pas des esclaves.
2000182	2007780	U ma minɛ kɛlɛda la.	Ce ne sont pas des captifs de guerre.
2001912	2011170	Tɔnjɔn ye i n'a fɔ sɔrasikɛ	Les tondjon sont comme des soldats.
2005462	2013060	Tɔnjɔn y'o de ye.	C'est ça le tondjon.
2007332	2018810	Tɔn ka jɔn ani n ye jɔn, o tɛ kelen ye.	Le serviteur du peuple, cela ne veut pas dire que je suis un esclave.
2012992	2020590	Tɔnjɔn kɔrɔ ye nin de ye.	Voilà la signification de tondjon.
2016322	2027790	Ni n bɔra yen, n bɛ segin ka na Kɔrɛ.	Après là-bas, je retourne à Kôrè.
2021932	2032990	N'i ko Kɔrɛ i ko Duga.	Qui parle de Kôrè, parle de Douga.
2026852	2035777	N'i ko Duga, i ko Dugamasakɔrɔ.	Qui parle de Douga, parle de Dougamassakôrô.
2029992	2039050	Ne bɛ jigin fɛn, fɛn tɛ jigin ne kan.	Je descends sur une chose, rien ne descend sur moi.
2033682	2044530	N tɛ jigin maasu kan nka n bɛ jigin sogosu kan.	Je ne descends pas sur une personne morte, mais je descends sur un animal mort.
2038862	2048160	O de tun dara Kɔrɛ Dugakɔrɔ la k'a kɛ kɔrɛ ye.	On avait donné ce surnom à Kôrè Dougakôrô pour l'appeler Kôrè.
2042132	2050870	N'i bɔra yen, i bɛ taa Jakuruna.	Quand tu quittes là-bas, tu pars à Diakourouna.
2044822	2053480	Jakuruna, Toto sigilen tun bɛ ye.	Diakourouna, Toto était installé là-bas.
2047612	2058230	Faama taara a kama ko Toto, i da ni dugu ka surun.	Le roi est allé le chercher en disant : 'Toto, ta bouche est proche du sol'.
2052302	2062840	A y'a minɛ ka na n'a ye ka n'a kɛ ka boli jugu sɔn segu.	Il l'a capturé pour aller le sacrifier au fétiche à Ségou.
2059192	2071920	Ka kɛlɛ cɛfarinw ta ka gɛrɛ a yɛrɛ ka kɛlɛ mɔɔnɔbɔ.	Il a ensuite rapproché les braves guerriers à lui-même pour répandre la guerre.
2067382	2082850	A bɔra yen ka taa don Miɲankala ka bɔ ye ka taa don Npɛsoba.	Il a quitté là-bas pour aller à Miankala puis à Mpèssoba.
2077792	2088070	N'i ko Npesoba, o kɔrɔ ye Npɛ ka dugu sigilen.	Quand tu dis Mpèssoba, cela veut dire le village est fondé par Mpè.
2081722	2089320	O de ye Npɛsoba ye.	C'est ça Mpèssoba.
2083382	2092760	Npɛsoba kɔrɔ denkɛ fɔlɔ.	Mpèssoba veut dire le fils aîné.
2086982	2094450	O de ye Npɛ ye.	C'est ça Mpè.
2089062	2098060	Denkɛ filanan o ye Ngolo ye.	Le deuxième garçon est Ngolo.
2092052	2100798	Denk;ɛ sabanan, o ye Nci ye.	Le troisième garçon est N'Thi.
2096542	2105780	Joka b'o fɔ, bamanan b'o fɔ.	Le Diôka dit cela, le bambara dit cela.
2099652	2109610	Miɲankaw fana b'a fɔ nka olu b'a fɔ u ka miɲankakan na.	Les mianka aussi le disent mais ils le disent en Mamara.
2117642	2126860	Ni n bɔra ye, n bɛ na Marena.	Si je quitte là-bas, je vais à Marena.
2121032	2130400	Marena, o ye Wulalɛw ye.	Marena, ce sont les Woulalé.
2126462	2135640	I bɛ bɔ Marena ka taa Tangabugu.	Tu quittes Marena pour aller à Tangabougou.
2129632	2138510	Tangabugu, olu fana ye Tangaraw ye.	Tangabougou, ce sont aussi des Tangara.
2134192	2146790	N'i bɔra yen, i bɛ taa Ŋɔja	Si tu quittes là-bas, tu pars à Ngondia.
2141282	2152220	Ka bɔ Ŋɔja ka taa Galakan.	De Ngondia à Galakan.
2146162	2155880	Galakan, o ye bamananw ye, kɛlɛ cɛ farinw don.	Galakan, ce sont des guerriers bambaras.
2150442	2165000	I bɛ bɔ Galakan ka taa Goloma.	Tu quittes Galakan pour aller à Goloma.
2159182	2167590	Goloma, bamananw don.	Goloma, ce sont des bambaras.
2161962	2170670	U ma tana tiɲɛ, u ma laada tiɲɛ.	Ils n'ont pas violé le totem, ils n'ont pas violé les coutumes.
2164722	2180050	U faala Bitɔn kan ka kɛlɛ kɛ, ka kɛlɛ kɛ u seko damajira la.	Ils ont aidé Biton à faire la guerre, ils l'ont aidé de leur mieux.
2175851	2190030	Ni n bɔra ye, n bɛ n munumunu ka na n yɛrɛ siya ye min ye.	Quand je quitte là-bas, je fais le tour pour venir sur mon ethnie.
2183892	2197310	Anw ka mɔgɔw bɔra surakajamana de la n'o ye Nɛma ye.	Nous avons quitté le pays maure qui est Nèma.
2191702	2200640	Nɛma, bi a bɛ Do kɔnɔ.	Aujourd'hui, Nèma est dans le Do.
2195239	2209180	Nɛma, an bɔra yen ka taa kɛlɛ fɛ kɔrɔn fɛ n'o Tunbutu ye.	Nous avons quitté Nèma pour poursuivre la guerre au Nord, à Tombouctou.
2203642	2216230	An taara ye min kɛ, an nana basigi yen ka kɔrɔbɔrɔ muso furu.	Lorsque nous sommes partis là-bas, nous nous sommes installés là-bas puis épouser une femme sonrai.
2210032	2218230	Kɔrɔbɔrɔ muso furulen, kɛlɛ nana.	Après avoir épouser la femme sonrai, il y a eu la guerre.
2212282	2222980	U nana muso den ta k'a bila kɛlɛ ɲɛfɛ.	Ils ont pris l'enfant de la femme pour le mettre devant la guerre.
2217112	2230380	Muso in n'o ye Mayiga ye, Mayigamuso nana a fɔ : " a, aw ye ne de den bila kɛlɛ ɲɛfɛ."	La femme qui était Maiga, cette femme Maiga leur a dit : " Ah, c'est mon fils que vous avez mis devant la guerre."
2224392	2240350	Ni kɛlɛ nana, ne bɛ bɔ dentigiya la; a ko denw ma : "Ni kɛlɛ nana,n'a' taara kɛlɛyɔrɔ la, a mana misibo o misibo ye, a ka mugu ci o la.	Si la guerre arrive, je serai sans enfant; elle a dit aux enfants : " si vous partez à la guerre, chaque déchet de vache que vous allez voir, tirez là-dessus."
2235482	2244190	U ye misibow ye, u ye mugu ci u la.	Ils ont vu des déchets de vache et ils ont tiré là-dessus.
2238722	2247684	N'o kɛra Mayigalaka caman bɛ sa.	Et après cela, beaucoup de Maiga meurent.
2241872	2254840	N'u ye mugu ci, u ko a ! an ye nin famu, an balimamuso de y'an fagacogo fɔ e ye.	Quand tirent le fusil, ceux-là ont dit : " Ah ! on a compris cela, c'est notre sœur qui t'a dit comment nous tuer."
2248592	2259030	A ko : " Aw ye ne janfa, kɛlɛ nana, a ye ne den bila a la.	Elle a dit : "Vous m'avez trahie, la guerre est venue et vous avez mis mon enfant devant."
2252972	2270890	[Bon] u nana Aikiya Muhamadi, a kɔrɔbɔrɔkan na i tɛ k'a ye, asikiya, e tɛ k'a ye.	Bon, Askia Mohamed, ça veut dire que tu le seras pas, "askia" tu ne le seras pas.
2264742	2274120	U ko k'a tɛ kɛ faama ye, a nana k'a ye.	Ils ont dit qu'il ne sera pas roi, il l'a été.
2267802	2281820	An tugura Soni Ali Bɛri kɔ ka taa sigi yen, Turew nana tan de n'o tɛ Ture, kɔrɔbɔrɔ tɛ.	On a suivi Soni Ali Ber pour aller nous installer, les Touré sont venus comme ça sinon Touré n'est pas sonrai.
2278194	2300550	An nana sigi yen, a taara mɔriyasen de fɛ ka sigi yen ka kɛ Soni Ali Bɛri ka mɔri ye, Tureya nana ten den.  	Nous nous sommes installés là-bas; nous sommes venus pour le maraboutage et devenir les marabouts de Soni Ali Ber, les Touré sont venus comme ça.
2294842	2308180	[Bon] Ture yɛrɛ kɔrɔ marakakan na kamalenkun min ka bon i ko sama.	Bon, en soninké Touré veut dire un garçon gaillard comme un éléphant.
2301892	2311430	Ture kɔrɔ de y'o ye marakakan na ko sama.	Voilà la signification de Touré en soninké; comme l'éléphant.
2305082	2317260	Minnu bɔra yen ka na sigi Jitumu, olu kɛra sama cɛman ye.	Ceux qui ont quitté là-bas pour venir s'installer à Djitoumou sont devenus sama tièman, autrement dit les Samaké  (éléphant mâle)
2311072	2321350	Minnu taara sigi Miɲankala kɔrɔ, olu kɛra Sogoba ye.	Ceux qui sont allés s'installer à Miankala sont devenus des Sogoba.
2315222	2325680	Sogo belebeleba, samakɛ, nin bɛɛ ye fɛn kelen ye.	Sogoba et Samaké, c'est la même chose.
2319422	2329620	Kuma fɔcogo ani sigiyɔrɔ, o de y'u bɔ gɔɲɔn na.	C'est l'appellation et les lieux de résidence qui les ont différenciés.
2325272	2338350	[Bon] n'i ko fila, fila kɔrɔ kalanbaga ani bagangɛnna.	Bon, si tu dis peul, le peul veut dire celui qui étudie et le berger.
2332442	2340040	Maa min bɛ bagan gɛn.	Celui qui garde les troupeaux.
2334242	2342690	Filaya kɔni ye bagangɛn ye.	Etre peul, c'est garder les troupeaux.
2338572	2347980	Fila, cɛ naani don.	Le peul, c'est quatre hommes.
2342652	2355240	Jalo, Jakite, Sidibe, Sangare.	Diallo, Diakité, Sidibé, Sangaré.
2349462	2365790	Jaloya sɔrɔla min fɛ, a cɛ de nana ban, dɔgɔnin minnu bɛ yen, u si ma sɔn k'a muso ta.	Le nom Diallo est venu, son mari est décédé, aucun de ses jeunes frères n'a accepté de prendre la femme.
2359662	2368750	Muso nana k'a bɛ taa a faso la.	La femme a décidé d'aller chez ses parents.
2363112	2374650	U y'a gɛn k'a nɔbɔ k'a nɔbɔ, a nana se dankanda la.	Ils l'ont poursuivie, elle est arrivée au bord du fleuve.
2368182	2382880	Ni den minnu bɛ yen n'aw ye jamu kelen ye, aw tɛse ka ba in tigɛ, n'aw ko k'a' bɛ ba tigɛ, aw bɛ to ba la.	S'il y a des enfants qui ont le même patronyme, vous ne pouvez pas traverser ce fleuve; si vous décidez de le traverser, vous serez noyés.
2377112	2386540	A denkɛ fɔlɔ kɛ Jalo ye, a ye ba tigɛ n'o ye.	Elle donna le nom Diallo au premier garçon et traversa le fleuve avec lui.
2380662	2390650	Denkɛ filanan, a nana o kɛ Jakite ye ka ba tigɛ n'o ye.	Elle donna le nom Diakité au deuxième garçon et traversa le fleuve avec lui.
2384612	2395710	Sabanan, a y'o kɛ Sangare ye, a ye ba tigɛ n'o ye.	Elle donna le nom Sangaré au troisième garçon et traversa le fleuve avec lui.
2389602	2399850	Naanina, o ye Sidibe ye, a nana ba tigɛ n'o ye.	Elle donna le nom Sidibé au quatrième garçon et traversa le fleuve avec lui.
2393722	2402230	A ye ba tigɛ ka taa a faso la.	Elle a traversé le fleuve pour aller chez ses parents.
2395142	2407110	Saya kɛlen, cɛ dɔgɔnin si ma sɔn k'a furu.	Après la mort, aucun frère du mari n'a voulu l'épouser.
2399242	2409760	A sɔrɔla ka taa i sigi a faso la.	Elle est allée s'installer dans le village de ses parents.
2402262	2412880	Fila cɛ naani nana tan.	Les quatre frères peuls sont venus comme ça.
2404622	2419360	[Bon] n'i bɔra yen ka taa Sɛnɛgali, olu b'a fɔ Jalo ma ko Ja.	Bon, si tu quittes là-bas pour aller au Sénégal, eux ils appellent Diallo par Dia.
2412372	2424450	N'i y'u mankan mɛn ko Jal, o ye Jalo ye.	Si tu les entends dire Dial, c'est Diallo.
2416542	2427740	N'u ko ko Ja, o ye Jakite ye.	S'ils disent Dia, ça c'est Diakité.
2419702	2430630	N'u ko Sali, o ye Sangare ye.	S'ils disent Sall, ça c'est Sangaré.
2423082	2433850	O ye bɛɛ n'i nɛn nacogo ye.	ça c'est les différentes prononciations.
2425422	2438240	Olu b'a fɔ Sangare ma ko Sali.	Ils appellent les Sangaré par Sall.
2430542	2439990	O kɛra Sangare ye.	Cela est devenu Sangaré.
2432692	2443016	Ja, o ye Jakite ye.	Dia, ça c'est Diakité.
2439492	2458250	[Bon] u fila minnu bɛ numuya kɛ o ye Lamu, Ani, Kani ani Ɲangi.	Bon, leurs peuls qui font la forge sont : Lame, Ane, Kane et Niang.
2450262	2459870	Olu ye fila numuw ye.	ça, ce sont les forgerons peuls.
2451932	2465440	Nka yan, n'i ko numuya i ko Fanɛ.	Mais ici, quand tu dis forgeron, tu dis Fané.
2457772	2467280	Fanɛ kɔrɔ ye mun ye?	Que signifie Fané?
2460282	2472400	Ne ma tana tiɲɛ, n ma laada tiɲɛ.	Moi je n'ai jamais violé les totems, je n'ai jamais violé les coutumes.
2464132	2473340	O ye Fanɛ ye.	ça c'est Fané.
2465872	2481210	[Bon] Balo, o ko ne bɛ fara i kan ka n balo ɲini.	Bon Ballo, lui il a dit : moi je me joindre à toi pour chercher subsistance.
2475032	2486760	Segu bolo la, Kumare bɛ yen.	Vers Ségou, il y a Koumaré.
2478962	2490060	Kumare numu ka can Segu mara la kosɛbɛ.	Les Koumaré forgerons sont beaucoup plus nombreux dans la région de Ségou.
2482612	2493135	Ani Fanɛ ani Balo.	Avec les Fané et les Ballo.
2485352	2497590	Nka n'i taara fan wɛrɛ fɛ, jamu caman bɛ numuya la.	Quand tu pars ailleurs, beaucoup d'autres noms font la forge.
2489412	2498920	O nana cogo di?	Comment cela est venu?
2491232	2501060	Numuya nana kɛ baarada ye.	Etre forgeron est devenu un métier.
2492962	2509660	Kɛlɛ mana se, u b'a fɔ karisa aw ka daba dilan k'a di cikɛlaw ma.	Quand il y a guerre, ils disent : vous, fabriquez la daba pour les cultivateurs.
2501662	2510970	U bɛ ci kɛ n'a ye.	Ils cultivent avec lui.
2503642	2514910	Yɔrɔ dɔw la Kulubali kɛra numu ye.	Dans certaines zones, les Coulibaly sont devenus des forgerons.
2506562	2517880	I bɛ taa yɔrɔ dɔw la i b'a sɔrɔ Konatɛ ye numu ye.	Tu vas dans certaines zones, tu trouveras que les Konaté sont des forgerons.
2509802	2521870	I bɛ taa yɔrɔ dɔw la i b'a sɔrɔ Kanɛ ye numu ye.	Tu vas dans certaines zones, tu trouveras que les Kanè sont des forgerons.
2514132	2525660	Numuya baarada de don, siya tɛ.	Etre forgeron est un métier et non une ethnie.
2518032	2531110	Nka bi tile la, dɔw y'a kɛ baarada ye.	Mais aujourd'hui, certains en ont fait un métier.
2523042	2537260	Fɛn bɛ sɔɔrɔ a la, k'a k'u ka wariɲininan ye.	Comme gagne dedans, ils en ont fait une pratique.
2529152	2541000	K'a kɛ ɲamakala ye n'o tɛ numu ye hɔrɔn 100% ye.	Être des griots sinon le forgeron est un noble à 100%.
2532662	2542650	Ɲamakala hɔrɔn tɛ tɛmɛ u kan.	Il n'y a pas plus noble qu'eux.
2534272	2547170	Ni numu bɔra yen hɔrɔnya la, mun bɛ da numun kan, o ye Garankɛ ye.	Dans la noblesse, après le forgeron c'est le Garanké.
2539002	2550500	Garankɛ de bɛ massakɛ ka sokɛrɛkɛ dan.	C'est le Garanké qui fabrique le surfaix des chévaux du roi.
2542182	2555070	A b'a ka marifa juru kala.	Il fabrique les cordes de son fusil.
2547242	2559240	Olu de ye ɲamakala hɔrɔn ye.	C'est eux les griots nobles.
2551112	2562190	N'o bɔra yen, Jabate fana ye hɔrɔn ye.	Après cela, les Diabaté sont aussi des nobles.
2554572	2565260	Jabate nana ɲamakalaya la cogo di ?	Comment les Diabaté sont venus dans le griotisme ?
2557806	2571170	Dama wulanin ani Dama wulanba, dɔgɔnin de ye sigi faga.	Dama woulani et Dama Woulamba, c'est le jeune frère qui a tué le buffle.
2563052	2578050	Sigi fagalen, dɔgɔnin y'a majamu k'a majamu.	Après avoir tué le buffle, le jeune frère a beaucoup loué le grand frère.
2569702	2581830	A ko n dɔgɔ, n'i tun kɛra ɲamakala ye, i jɛnbaga tɛ.	Il a dit : mon petit frère si tu étais griot, il n'y aurait personne pour te refuser quoi que ce soit.
2573762	2586650	Jabatɛya nana tan de n'o tɛ Jabatɛ fana ye ɲamakala hɔrɔn ye.	Les Diabaté sont venus comme ça sinon ce sont des griots nobles.
2578872	2589030	[Bon] Kɔnɛ fana nana cogo di?	Bon, comment les Koné aussi sont venus?
2580942	2594380	Olu nana fara ɲamakalaw kan, u fana ye ɲamakala hɔrɔnw ye n'o tɛ ɲamakalaw tɛ.	Ils sont venus s'ajouter aux griots nobles sinon ce ne sont pas des griots.
2586402	2596240	I bɛ Kɔnɛ jeli ye min?	Où est-ce que on peut rencontrer les Koné griots?
2588227	2600260	I b'a ye Segu, i b'a ye Murujan, i b'a ye Nara.	On les rencontre à Ségou, à Mouroudjan, à Nara.
2592682	2603300	N'i bɔra yen, i tɛ Kɔnɛ jeli ye tun.	Après là-bas tu ne verras plus les Koné griots.
2597052	2610420	Ni n bɔra n bɛ halisa Bɛndugu kɔnɔ.	Je quitte là-bas et je suis toujours à Bendougou.
2602702	2614790	N'i ko Bɛndugu, i ko Bɛnkungo.	Si tu dis Bendougou, tu dis Benkoungo.
2606872	2619650	N'i ko Bɛnkungo, jama farala ɲɔgɔn kan k'a kɛ Bɛnkungo ye.	Si tu dis Benkoungo, les gens se sont réunis pour former Benkoungo.
2611452	2620960	Jɔka kɔrɔ ye mun ye?	Diôka veut dire quoi?
2613022	2623840	Anw jonikan don.	Anw joikan don.
2616012	2625520	O de kɛra Jɔka ye.	C'est ce qui est devenu Diôka.
2618282	2630660	Jɔka, siya bɛɛ b'a la.	Diôka, il y a toutes sortes d'ethnies dedans.
2623662	2639070	Tangara b'a la, Buwarɛ b'a la, Konatɛ b'a la, Male b'a la, Wulalɛ b'a la.	Il y a des Tangara, des Bouaré, des Konaté, des Mallé, des Woulalé.
2634412	2645530	Kulubali b'a la, Danbɛlɛ b'a la.	Il y a des Coulibaly, des Dembélé.
2640792	2650300	Male b'a la	Il y a des Mallé.
2642612	2654900	Nin bɛɛ ye Jɔka ye, jamu caman b'a la.	Tout ça c'est le Diôka, il y a beaucoup de patronymes.
2647122	2656980	Jɔkaya nana tan de.	Le Diôka est venu comme ça.
2650302	2663480	Ni n bɔra yen, halibi n bɛ na surakaya kɔnɔ.	Si je quitte là-bas, je reviens toujours chez les maures.
2656102	2668140	N'i ko suraka, i ko bagantigi.	Si tu dis maure, ce sont les propriétaires de troupeaux.
2659992	2671050	Bagan mana caya, sigiyɔrɔ kelen tɛ suraka la.	Si les troupeaux deviennent nombreux, il n'y a pas de résidence fixe pour le maure.
2662972	2684230	Ni samiyan sera,  dumuni bɛ sɔrɔ yɔrɔ min na, a bɛ tugu bin nɔfɛ ka taa a ka bagankɛ kɛ yen.    	Pendant l'hivernage, il part là où se trouve l'herbe pour aller faire paître ses animaux.
2676512	2686020	Olu ye surakaw ye.	ça ce sont les maures.
2680372	2691580	N'i ko surakaya, i ko danbetigi.	Qui dit maure dit honneur et dignité.
2684322	2697810	Suraka ka taabolo ani fila ka taabolo, a bɛɛ ye kelen ye.	Le maure a les mêmes modes de vie que le peulh.
2689692	2702120	U mana waati kɛ yan, u bɛ bugu bɔ ka taa yɔrɔ wɛrɛ.	S'ils passent un temps ici, ils défont les cases pour aller ailleurs.
2694582	2706220	N'i ko bozo, bozo kɔrɔ ye mun ye?	Quand tu dis bozo, qu'est-ce que ça veut dire?
2698282	2707790	Bɔso.	Bôso, la maison en perche.
2699682	2710810	Mɔgɔ minnu ye bɔso jɔ, o de kɛra bozo ye.	Ceux qui ont construit la maison avec les perches, c'est eux qui sont devenus bozo.
2702942	2712450	Bozoya nana tan.	Le nom bozo est venu comme ça.
2704122	2714660	Bozo yɛrɛ, a bɔrɔ mun na ?	Le bozo même vient de quoi?
2706312	2715820	A bɔra maraka de la.	Il vient du soninké.
2708042	2719620	Bozokan ani marakakan, u bɛ ɲɔgɔn ta.	La langue bozo et la langue soninké se ressemblent.
2713122	2727410	Ni n bɔra yen, n bɛ don Maninkala.	Si je quitte là-bas, je vais chez les malinkés.
2719442	2735530	Maninkaw, dɔgɔnin de bɔra Maninkala, kɔrɔkɛ ko k'a bɛ taa a dɔgɔnin ɲini.	C'est le jeune frère qui a quitté Mandé et le grand frère est sorti pour aller le chercher.
2727772	2739240	Dɔgɔnin, o taara ka taa a sigi Kaadɔdugu la.	Le petit frère est allé s'installer au pays Dogon.
2731432	2746300	A taara sigi yen min kɛ, n bɛ n dɔgɔnin ɲini, n bɛ n dɔgɔnin ɲini, o de kɛra ko dogɔn.	Lorsqu'il est allé s'installer là-bas, je cherche mon petit frère, je cherche mon petit frère, c'est qui est devenu dogon.
2739012	2752030	Tubabu nana a kɛ dogɔn nka maninkakɛ ko n bɛ n dɔgɔnin ɲini.	Le blanc l'a transformé en dogon sinon le malinké a dit je cherche mon petit frère.
2744262	2760600	U taara sigi kaadɔdugu la tuma min, u ye maa surunmanninw de sɔrɔ yen n'an b'a fɔ u ma ko pigime.	Lorsqu'ils sont partis s'installer au pays dogon, ils ont trouvé des pygmées là-bas.
2752362	2766180	U y'olu de gɛn, olu taara sigi tu kɔrɔ ka kɛ tukɔrɔmaa ye.	Ils ont chassé ceux-ci et eux ils sont partis vivre dans la forêt.
2759962	2774970	U y'olu gɛn min kɛ, u y'u sigi yen ka bamananya taabolo kɛ yen.	Lorsqu'ils les ont chassés, ils se sont installés là-bas pour pratiquer les traditions bambaras.
2767062	2778770	N'o tɛ Kaadɔ, Maninka, a bɛɛ ye kelen ye.	Sinon les dogons et les Maninka sont les mêmes.
2770312	2780082	Kaadɔ kɔrɔ ye mun ye?	Que signifie le nom Kaadô?
2772132	2781890	U ni filaw de kɛlɛla.	Ils ont eu un conflit avec les peuls.
2774592	2787790	Filaw ko k'u ka farin i ko sɛgɛ n'o tɛ Kaadɔ tɛ siya ye.	Les peuls ont dit qu'ils sont puissants comme la potasse sinon le nom Kaadô n'est pas une ethnie.
2779852	2792630	A kɔrɔ de ye a' ka farin i n'a fɔ sɛgɛkata.	Ça veut dire que vous êtes puissants comme la potasse.
2784422	2795610	Kaadɔya de nana ten, Kaadɔya kɔrɔ de y'o ye.	Le terme Kaadô est venu comme ça et voilà ce que ça signifie.
2787432	2799850	N'o tɛ Kaadɔ ni Maninka, kɔrɔ ni dɔgɔ.	Sinon le Dogon et le Malinké sont des frères.
2791732	2804720	Kaadɔ fana ani Bozo, fa kelen, ba kelen.	Le Dogon aussi et le Bozo sont de même père et de même mère.
2796332	2805840	U tɛ ɲɔgɔn furu.	Ils ne se marient pas entre eux.
2798192	2808350	O sababu nana sɔrɔ mun fɛ?	Cela est dû à quoi ?
2799992	2812620	Kɔrɔ ni dɔgɔ, u taara donsoya la.	Les deux frères sont allés à la chasse.
2804982	2818970	U taalen donsoya la, u mɛnna ka taa u ma sogo sɔrɔ.	Lorsqu'ils sont allés à la chasse, ils n'ont pas eu de gibier.
2811972	2827360	Dɔgɔnin nan'a fɔ : " N kɔrɔ, a, ne sɛgɛnna kɔngɔ bɛ ne na, ma dumuni kɛ. "	Le petit frère a dit : " Ah! grand frère, moi je suis fatigué, j'ai faim et je n'ai pas mangé."
2818892	2829020	A ko n dɔgɔ, i sigi yan.	Le grand frère lui a dit : assois-toi ici.
2821292	2834360	A taamana ka don tu la, a y'a yɛrɛ worobu tigɛ.	Il est rentré dans la brousse puis il a coupé la chair de sa cuisse.
2826532	2840970	A y'o tigɛ k'a jeni ka n'a di dɔgɔnin ma ; dɔgɔnin y'o dun, a ye ji min.	Il a coupé ça et il l'a grillé pour venir le donner à son petit frère, le petit frère l’a mangé  et il a bu de l'eau.
2833252	2842760	U taara ka taa.	Ils sont allés très loin.
2835282	2846640	A ko e n kɔrɔ ko joli jumɛn de bɛka bɔ i sen na nin ye.	Il a dit eh, grand frère c'est quel sang qui est en train de couler sur ton pied ?
2838342	2851880	A ko ayi ŋɔnibolo de ye n sen fara.	Le grand frère lui a fait savoir que c'est une branche d'épines qui a déchiré son pied.
2844332	2853600	U taara tugun.	Ils ont continué à aller.
2845432	2855290	A ko n kɔrɔ k'a ɲɛfɔ ne ye.	Il a dit grand frère, il faut me l'expliquer.
2847842	2859450	A ye fini bɔ a woro la.	Il a enlevé le vêtement sur sa cuisse.
2851412	2866710	I ɲɛ bɛ joli min na nin ye, ne de ye nin tigɛ k'a d'i ma kɔngɔ kana i faga.	La plaie que tu vois, la viande que tu as mangée vient de là, je te l'ai donné pour que tu ne meures pas de faim.
2859032	2871600	U nana taa se bada la, dɔgɔnin y'i sigi yen.	Lorsqu'ils sont arrivés au bord du fleuve, le petit frère s'est installé là-bas.
2863632	2873140	O kɛra Bozo ye.	Celui-là est devenu Bozo.
2865262	2876830	Kɔrɔkɛ, o yɛlɛnna gere kan, o kɛra Kaadɔ ye.	Le grand frère est monté sur la berge et il est devenu Dogon.
2868732	2881150	Kaadɔ, Bozo, hali sini u tɛ ɲɔgɔn furu.	Même demain, le Dogon et le Bozo ne se marient pas.
2873422	2882930	A tana de ye nin ye.	C'est ça la source.
2875052	2884560	Sabu tana ye mun ye ?	Car c'est quoi un totem ?
2876382	2891280	A' y'a' kali ɲɔgɔn ye de fɔ ka taa min kɛ ne bɔna fɛn o fɛn, o kana nin kɛ, o kana nin kɛ.	Vous vous êtes jurés, jusqu'à l'infini qu'aucun de mes descendants ne fasse ça et ça.
2883122	2893280	Kalikan de nana nin tanako ye.	C'est le serment qui a donné naissance au totem.
2885332	2894840	Tanako nana tan de.	Le totem est venu comme ça.
2888882	2901540	[Bon] numuw fana ani filaw, olu ka tana sɔrɔla cogo di ?	Bon, comment est venu le totem des peuls et des forgerons ?
2893502	2903340	O sɔrɔla kalikan de fɛ.	Cela est dû à un engagement.
2895572	2908600	A sɔrɔla kalikan min fɛ, fila tɛ numu furu.	Le serment auquel c'est dû, le peul n'épouse pas le forgeron.
2900752	2918720	Minnu bɛ bɛlɛ bɔ bɔgɔ la k'a yelen k'a kɛ nɛgɛden yen, a bɛ fɔ olu ma Nguwantugu numuw.	Ceux qui extraient la pierre du banco pour le fondre et avoir le fer sont appelés des Nguwantugu numu.
2911222	2922810	Nguwantugu numuw, u tɛ fila furu diɲɛ na.	Les forgerons appelés Nguwantugu numuw n'épousent jamais les peuls.
2915662	2926690	Sinankounya de b'u ni fila cɛ, u tɛ fila furu.	Il y a le cousinage à plaisanterie entre eux et les peuls, ils n'épousent pas les peuls.
2919332	2931060	Olu kɔni tɛ fila furu, olu ka laada sɔrɔla o de fɛ.	Quand même ils n'épousent pas les peuls, leur totem est venu comme ça.
2923152	2932920	U ni fila u tɛ ɲɔgɔn furu.	Eux et les peuls ne se marient pas.
2925912	2935420	A kɔrɔ ye nin ye.	Voilà la signification.
2927292	2948790	Nka n'i kɔni ye mɔgɔ wɛrɛ ye fila furu, i b'a sɔrɔ taamasen fɛ fa taara sigi yɔrɔ dɔ la, a ye mɔgɔ wɛrɛ furu, o la yɛlɛma bɛ don a la.	Quand même si tu vois une autre personne épouser les peuls, peut-être au cours d'un voyage, le père s'est installé quelque part et épouser une peule ; comme ça il y aura un changement.
2940912	2951020	Olu dɔw bɛ siya wɛrɛ furu.	Certains d'entre eux épousent une autre ethnie.
2942892	2956730	N'o tɛ fila yɛrɛ, e fa fila, e ba fila, a tɛ furu numu ma.	Sinon une vraie peule, de père et de mère peuls n'épousent pas un forgeron.
2948682	2966910	Numuw fana, e fa Nguwantugu numu, i ba bɔgɔdagadilanna, elle n'épouse pas un peul.	Les forgeronnes aussi ayant un père Nguwantugu numu et une mère potière n'épousent pas un peul.
2960052	2971220	Nin ye Bamananya taabolo ye.	ça c'est la tradition bambara.
2963622	2975480	N'i ko Bamananya, i ko cɛfarinya.	Qui dit Bambara, dit bravoure.
2967092	2977770	N'i ko bamanan, i ko kodɔn.	Si tu dis Bamanan, tu dois le savoir.
2969482	2981810	N'i ko Bamanan, n bɛ n bama n yɛrɛ kan, n tɛ siri maa na.	Si tu dis Bamanan, ça veut dire que je m'appuie sur moi-même et je ne dépends de personne.
2975962	2991605	Maa de bɛ siri n na, ne tɛ siri maa na, o ye Bamananya kɔrɔ ye.	Quelqu'un d'autre dépend de moi, mais moi je ne dépends de personne ; ça c'est la signification de Bamanan.
2977252	2995765	N'i ko marakaya.	Si tu dis être soninké.
2980306	2997105	Marakaya kɔrɔ ye mun ye?.	Que signifie d'être soninké.
2982004	2999154	Maa min bɛ jago kɛ.	Celui qui fait du commerce.
2984281	3000922	Sigiyɔrɔ kelent'a la.	Qui n'a pas de domicile fixe.
2985615	3002483	O de ye maraka ye.	C'est lui soninké.
2987151	3004675	Anw marala yan, o de ye Maraka ye.	Nous nous sommes installés ici , c'est lui le soninké.
2989650	3007374	U bɛ taama , u bɛ taa fanbɛɛ fɛ.	Ils voyagent , ils vont de partout.
2992044	3010105	N'u bɔr'o la u bɛ tilla u bɛ segin.	S'ils terminent cela,  ils reviennent.
2994662	3012494	Ka na tilema kɛ.	Venir faire la saison sèche.
2997211	3019156	 Samiya kɛ nin samiya banna , u bɛ dugutaaminɛn ta.	Faire l'hivernage, après l'hivernage, ils prennent la valise de migration.
3003826	3020897	Ka taa worodugu; 	Aller vers le sud.
3005734	3023706	N'u taara worodugu, u bɛ woro san.	S'ils partent au sud, il achète du kola.
3008772	3028578	 Woro sannen kɔ, u mana se dugu o dugu la u bɛ feere kɛ yen.	S'ils achètent du kola, ils font du commerce partout où ils passent.
3013254	3031303	Ko kana dɔɔnin-dɔɔnin.	Venir petit à petit, c'est la signification d'être maraka.
3016169	3034564	N'i ko maraka, i ko jula.	Si tu dis, sarakolé, tu dis commerçant.
3019287	3036200	 Jula kɔrɔ ye, wariɲinina ye.	Etre signifie jula , signifie, chercheur d'argent.
3021195	3043815	Bɔn jula minnu nana taa sigi Welesebugu fanfɛ, u ko olu ma ko Kokoroko.	Les commerçants qui se sont installés vers Ouelessebougou, sont appelés Kokoroko.
3028650	3052794	Minnu banna numuya ma k'a kɛ jago ye, u ko olu ma ko kokoroko.	Ceux qui ont réfusé d'être forgeron sont appelés  les kokorokos .
3037488	3058965	Yɔrɔdɔw la, kokorokow kɔni jula de don , ɲamakala tɛ.	Dans certaines localités, kokoroko est commerçant, ce n'est pas ɲamakala, homme de caste.
3045605	3066280	Ni n bɔr'o la, n bɛna don solon kɔnɔ.	Après cela, je viens dans le solon.
3050872	3069105	N'i ko solon , i ko maninka.	Si tu dis solon, tu dis malinké.
3053849	3071528	Solon a bɛɛ ye Dunbuya ye.	A solon, tout le monde est Doumbia.
3056395	3075547	Dunbuya minnu don, numuw tɛ  hɔrɔnw de don.	Ce sont des Doumbia qui ne sont pas des forgerons,plutôt des hɔrɔn , noble.
3060670	3079063	A Dunbuyaw, u dama tɛ ɲɔgɔn furu.	Ce sont des Doumbia qui ne se marient pas entre eux.
3064240	3081445	U bɛ taa furu kɛ fan wɛrɛ fɛ.	Ils se marient ailleurs.
3066400	3084473	O solon , Banko b'o la.	Dans ce solon, il ya Banko.
3069143	3085867	Bankokɔrɔ b'o la.	Il y a Bankokoro.
3070715	3087487	Bankokura b'ola.	Bankokura fait partie.
3072070	3088747	Sɛnɛ b'a la.	Sènè fait partie.
3074034	3090564	 Bila b'o la.	Bila fait partie.
3077198	3093291	Eee	Eee
3079127	3095625	Faraban b'o la.	Faraban fait partie.
3080354	3096570	INAUDIBLE	INAUDIBLE
3081159	3099559	A bɛɛ Dunbuya, ɲamakalaw tɛ.	Ils sont tous Doumbia.
3084668	3103558	Mɛ yɔrɔ dɔw la, Dunbiya ye ɲamakala ye.	Mais dans certaines localités , les Doumbia sont des Niamakala, hommes de caste.
3088186	3105919	Mɛ yɔrɔ dɔw la, ɲamaka tɛ.	Mais dans d'autres localités , ce ne sont pas des Niamakala, homme de caste.
3090565	3111220	N'i taara maninka, n'i ko Kuruma, ɛɛ Laginɛ, Kuruma ye Dunbuya de ye.	Si tu pars au Mandé, disons en Guinée , les Kuruma sont des Doumbia.
3096571	3113197	Ɲamakalaw tɛ.	Ce ne sont pas des Niamakala, hommes de caste.
3098024	3116008	N'i taara Gana , Kuruma bɛ yen.	Au Ghana, il y a des Kuruma.
3101223	3120945	Olu buruju bɔra anpiridugana ka taa sigi yen.	Leur ancêtre ont quitté l' empire du Ghana pour venir s'installer là-bas.
3106910	3125169	Olu bɔra yen ka na Wagadugu.	Ils ont quitté là-bas pour venir à Wagadugu
3111196	3135263	Wagadugu kɔ, olu taara sigi Wagadugu , n'a bɛ fɔ o ma ko Hɔtiwɔlita, n'a nana bayɛlɛma k'a kɛ Burukina ye.	Les descendants de Wagadugu sont venus à wagadugu qu'on appelle Haute Volta qui est devenu Burkina Faso.
3120106	3142437	 Wagadugu, o sa kɔmɔgɔw, o sa kɔmɔgɔw olu de taara sigi ye.	Les descendants du serpent sont allés s'installer là-bas.
3127414	3143847	O kɔrɔ ko Wagadu.	Cela veut dire Wagadugu.
3129052	3150085	Bɔ, olu nana sigi yen minkɛ, u ni mɔsiw ka senakunya, o sɔrɔla mun fɛ.	Bon, après leur installation, leur cousinage à plaisanterie avec les mossis est venu d'où?
3134741	3152648	Mɔsiw bɔra Gana de.	Les mossi ont quitté Gahna.
3137519	3153724	Gana!	Gahna.
3138481	3159118	U nannen Gan minkɛ, kɛlɛmansa tun b'u la ye, o yun ye muso ye.	Après avoir quitté le Gahna, ils avaient un grand chef  de guerre responsable qui était femme.
3144544	3165300	 Mɛ a bɛ cɛfini don k'i yɛrɛ kɛ cɛ ye a bɛ kɛlɛ kɛ.	Mais elle porte des habits d'hommes pour faire la guerre.
3150076	3169245	Samaori nana lajɛli kɛ.	Samory a fait des enquêtes.
3153870	3170258	Aaah	Aaah
3155487	3174826	Ko i ni min bɛ ɲɔgɔn na ko ɛɛ cɛ tɛ, ko muso de don.	Celui avec qui tu as affaire, n'est pas   un homme, c'est une femme.
3159791	3179184	A nana a minɛ ka jɛ a fɛ.	Il est venu la prendre et lui faire l'amour.
3163928	3182669	A jɛr'a fɛ min kɛ, o kɛra den.	Après cette copulation, il y a eu grossesse.
3167144	3186185	O den nana wolo minkɛ, ni muso nana jigin.	Après l'accouchement de la femme.
3170622	3187401	Ko den ye jɔnw ta ye.	Que l'enfant appartient à qui?
3172077	3188356	Ko mɔgɔ si!	Personne!
3173075	3189540	O de  kɛra mɔsi ye.	C'est ce qui est devenu mossi.
3175662	3197150	Hali bi, samɔgɔ t'i ɲɔngiri mɔsi ye k'a fo.	Même aujourd'hui,un samogo ne s'agenouille pas pour saluer le mossi.
3182184	3198681	A b'i gɛrɛ k'a fo.	Il s'arrête  pour le saluer.
3183224	3202313	 Mɛ mɔsiw yɛrɛ dama , u b'u ɲɔngirin ka ɲɔgɔn fo.	Mɛ entre les mossi, ils s'agenouillent pour se saluer.
3187467	3205547	Mɔsifaama , a tɛ mɔsi jɔlen ye.	Le roi mossi ne voit pas un mossi s'arrêter.
3191237	3209923	Mɔsi bɛɛ b'i ɲɔngiri k'a fo.	Tous les mossi s'agenouillent pour le saluer.
3194690	3213102	Mɛ samɔgɔw o senankunya  bɛ u ni samɔgɔw cɛ.	Mais, il y a ce cousinage à plaisanterie entre eux et les samogo.
3199748	3220859	 O samɔgɔw fana, n'i ka samɔgɔ, i ko cikɛlaw.	Également, si tu dis samogo, dis les cultivateurs.
3206249	3229354	Cikɛla, mɔgɔ min bɛ i wɔsi ka cikɛ, o de nana yɛiɛma ka ǩɛ, samɔgɔ ye.	Celui qui transpire en travaillant, c'est ça qui a été  transformé en Samoko.
3214618	3233577	 Wasolo fanfɛ olu b'a fɔ ko ɛɛ samɔgɔ.	Vers Wassolo, ils disent Samoko.
3218211	3237825	O, o, mɔgɔ min bɛ sɛnɛ kɛ ka ɲɔn caman sɔrɔ , o de ye samoko ye.	C'est celui qui cultive pour avoir assez de mils, c'est  ça  le samogo.
3226353	3243523	Bɔn, ni i bɔra yen.	Bon, si tu quittes là-bas.
3229135	3246672	Ali bi o burukina kelen in na yen.	Dans ce même Burkina Faso.
3231848	3249435	Balo bɛ yen numu tɛ.	Il y a des Ballo qui ne sont pas des forgerons.
3234603	3252239	U bɛ , olu, u b'a fɔ olu ko siyɛn.	Il les appelle siyen.
3237177	3257584	O siyɛnnu , u ka kan, o ni miyankakan de ka surun, u ni miyanka bɛɛ bɛ kan kelen fɔ.	Ce Siyennu, leur langue est similaire au miniyankakan, ils parlent la même langue que les miyanka.
3242448	3259176	Mɛ a bɛɛ Balo.	Mais ils sont tous Ballo.
3243823	3260338	Mɛ umuw tɛ.	Mais ce ne sont pas des forgerons.
3245064	3265421	Ni i bɔra yen fana, siya dɔ bɛ ye ko Nandɛrɛkɛ.	Après cela, il y a une ethnie qu'on appelle Nandereke.
3249950	3267239	Nandɛrɛkɛ bɛ Burukina.	Il y a des Nandereke au Burkina Faso.
3252793	3269597	A bɛ Kɔnawari.	Il y en a en Côte d'Ivoire.
3254870	3271550	Dɔ bɛ Sikaso mara la.	Il y en a dans la région de Sikasso.
3256441	3274106	Mɛ u fana bɛ sinafɔkan de fɔ.	Mais il parle aussi  le syenara.
3259466	3276405	I bɛ bɔ Nandɛrɛkɛ la.	Tu quittes Nandereke.
3261360	3278335	I bɛna Taguwa la.	Tu viens à Taguwa.
3263140	3279753	Ka bɔ Taguwa la;	Quitter le Taguwa.
3265870	3283796	Ka na sinafɔ la.	Pour venir au sénoufo.
3268888	3290550	Sinafɔw la, Taguwa, Kɔnɛ b'a la , Bagayɔgɔ b'a la.	Parmi les sénoufo, il y a des Taguwa, Koné, et Bagayogo.
3277543	3294377	Olu ye Taguwaw  ye.	Ce sont des Taguwa.
3279019	3297610	 Bɔn , n'i nana i ko Banba- Banba.	Bɔn , si tu dis Bamba- Bamba.
3282343	3299106	O ye sinafɔ ye.	C'est un senoufo.
3284321	3301044	Jemutɛnɛ y'a ye.	Diamouténé fait partie.
3286333	3303340	Durute ye sinafɔ ye sinafɔ ye.	Durthé est un sénoufo.
3289435	3309658	Berete, o y'u ka kɛlɛtilakaw ye , Sikaso kɛlɛtigilakaw, olu de ye Berete ye.	Les Berthé sont les chefs de guerre de Sikasso.
3294213	3311260	Bereteya nana sɔrɔ cogo di?	Comment les Berthé sont venus.
3296372	3317786	Kɛlɛ nana, u man ciya,  u dusu ka bon , u b'a fɔ an bɛ taa kɛlɛ la.	La guerre s'était déclenchée, ils sont peu, et très courageux, ils disent vouloir prendre part à la guerre.
3302339	3321283	U ko aw ma , aw tɛ bɛrɛ bɔ, aw ka to yan.	Ils leur ont dit, restez ici, vous êtes peu.
3305865	3323119	O de nana kɛ Berete ye.	C'est ce qui est devenu Berthé.
3307899	3326911	U y'o de yɛlɛma, aw tɛ bɛrɛ bɔ, k'o kɛ Berete ye.	Ils ont transformé cela pour en faire Berthé.
3311917	3330659	Notɛ u man ca, u nana kɛ Berete yɛlɛmana ka kɛ Berete ye.	Sinon, ils ne sont pas nombreux, ils sont devenus Berthé.
3316833	3333621	Bereteya nana tan de.	C'est ainsi que les Berthé sont venus.
3320880	3338927	N'i ko ɛɛ Ture .	Si tu dis Touré.
3323996	3342139	I ko mori -mori- mori kunda.	Tu dis la classe des marabouts.
3326702	3343596	I bɛ karamɔgɔya kɛ.	Ils sont les maîtres.
3328193	3344773	U bɛ moriya kɛ.	Ils font le maraboutage
3329501	3347283	Mɛ n'i bɔra ka taa Laginɛ.	Mais si tu pars en Guinée Conakry.
3332375	3349771	 Tourew nana kɛ mori ye yen.	Les Touré sont devenus des marabouts là-bas.
3334468	3353219	O mori si bɔnda, o ye mɔgɔ naani ye.	Cette catégorie de marabout a quatre classes.
3337987	3356998	Ture,Janɛ,Sise.	Touré, Diané, Cissé.
3344954	3366164	Olu de nana kɛ  ɛ ɛ ɛɛ e mansakɛ ka morikunda ye.	Ce sont eux qui sont devenus les marabouts du roi.
3350772	3371469	Ture, Janɛ, Berete, Sise.	Touré, Diané, Berthé, Cissé.
3356306	3376094	Sise mandenmori, Janɛ mandenmori, Berete mandenmori.	Cissé, le marabout du Mandé; Diané, marabout du Mandé;Berthé  marabout du Mandé.
3361571	3380212	 INAUDIBLE	INAUDIBLE
3364951	3381704	Olu kɛra moriw ye.	Eux sont devenus marabouts.
3368981	3385606	Ni n bɔra yen.	Si je quitte là-bas.
3371568	3391001	N bɛ don bozoya kɔnɔ.	Je vais rentrer dans bozoya, être bozo.
3376337	3397455	Bozo, n'i ko bozo, i ko maraka.	Bozo, si tu dis bozo, tu dis soninké.
3382297	3400505	N'i ko maraka, i ko bozo.	Si tu dis sarakolé, tu dis bozo.
3385415	3402880	Bozo ye mɔnikɛla de ye.	Le bozo est un pêcheur.
3387658	3404256	U bɛ mɔni de kɛ.	C'est de la pêche qu'ils font.
3389176	3408347	Bozo yɛrɛ tɛ jɛgɛ feere.	Le bozo lui-même ne vend pas de poisson.
3393249	3410645	A bɛ jɛgɛ de ta kana d'i ma.	Il vient te donner du poisson.
3395522	3413615	N'i taara feere, i bɛn'a jɔ d'u ma.	Si tu le vends tu viens leur donner l'équivalence en filet.
3399044	3416200	Nka bozocɛ yɛrɛ tɛ jɛgɛ feere.	Mais le bozo lui-même ne vend pas du poisson.
3402175	3420110	Ni i taara kɔrɔn fɛ.	Si tu pars à l'est.
3406586	3424306	Ee Mɔti kɔfɛ.	Eh derrière Mopti.
3409242	3428521	I bɛ don ɛɛ Kɔna.	Tu rentre à Kona.
3413604	3430352	Jamu caman bɛ yen.	Il y a beaucoup de noms là-bas.
3415087	3431542	Bozo bɛ yen.	Il y a des bozos là-bas.
3416120	3432567	Kɔrɔbɔrɔ bɛ yen.	Il y a des sonrhaîs là-bas.
3417353	3433669	Fila bɛ yen.	Il y a des peuls là-bas.
3418418	3434877	Numu bɛ yen.	Il y a le forgeron là-bas.
3419582	3438904	N'i ko i bɛ taa ɛɛ Tɔnka.	Si tu décides de partir à Tonka.
3423635	3440379	Kulubaliw de bɛ yen	Il y a des Coulibaly là-bas.
3424993	3443030	 U tɛ foyi fɔ ni kɔrɔbɔrɔkan tɛ.	Ils ne parlent qu'en sonraï.
3427606	3445625	Mɛ kɛlɛ de fɛ,u taara ka sigi yen.	Mais à cause de la guerre ils sont partis s'installer là-bas.
3430537	3449590	Ka kɛ  ɛɛɛ yenka ye.	Pour devenir des habitants de là-bas.
3434048	3450897	U ye kɔrɔbɔrɔmuso furu.	Ils ont épousé des femmes sonraï.
3435608	3452576	Taarawele fana bɛ yen.	Traoré y est  également.
3437179	3455152	U  tɛ foyi fɔ ni ɛ ɛ kɔrɔbɔrɔkan tɛ.	Ils ne parlent que sonraï.
3439710	3457158	Mɛ bamananw de don.	Mɛ se sont des bamanans.
3441950	3462095	U bɛɛ bɔra Wagadugu cilen de ka taa yen.	Après l'éclatement de Wagadugu, ils sont tous partis là-bas.
3447071	3464807	Ka taa ɛɛ ka taa sigi yen nɔ.	Partir s'installer là-bas.
3449292	3467095	INAUDIBLE	INAUDIBLE
3453396	3470111	Tɔnka b'o la.	Tɔnka fait partie.
3456403	3473020	Kɔna b'o la.	Kɔna fait partie.
3459705	3478425	 Direyi, fula bɛ yen, kɔrɔbɔrɔ bɛ yen.	A Diré , il ya peul , il ya sonraï.
3463561	3481224	N'i nana se Tumutu.	Arrivée à Tombouctou.
3466299	3483265	Bagayɔgɔ minnu bɛ yen.	Les Bagayogo qui sont là-bas.
3468348	3486172	Olu de ye Tumutu alimaminakaw ye.	C'est la famille d'imam de de Tombouctou.
3471088	3488910	Mɛ u  b'a fɔ olu ma ko Wangaraw .	Mais on les appelle les wangara.
3473685	3491925	N'i y'u mankan mɛn ko Wangara, Bagayɔgɔ de don.	Si tu les entends dire Wangara, il s'agit de Bagayogo.
3477653	3494766	O Bagayɔgɔ minnu bɛ yen.	Ces Bagayogo qui sont là-bas.
3479333	3498530	Hali bi, olu de ye Tumutu alimaminw ye.	Même aujourd'hui, ce sont eux les imams de Tombouctou.
3484383	3500844	 Numuw tɛ.	Ce ne sont pas des forgerons.
3485718	3504205	Mɛ n'i taara Keleya.	Mais quand tu pars à Keleya.
3490379	3506996	Hɔrɔn don yen.	C'est un hɔrɔn, noble, là-bas.
3491746	3509393	Mɛ n'i donna jitumu kɔnɔna na.	Mais si tu rentres à l'intérieur de Djitoumou.
3494163	3510914	Bagayɔgɔ numuw bɛ yen.	Il y a des Bagayogo forgeron là-bas.
3496621	3513573	INAUDIBLE.	INAUDIBLE
3498883	3515950	INAUDIBLE	INAUDIBLE
3500866	3519860	N ka Keleya fanfɛ ka taa Kumantu , numuw tɛ.	Mais à partir de Keleya vers Kumantu, ce ne sont pas des forgerons.
3504835	3521716	Hɔrɔn sapurusanw don.	Ce sont à  cent pour cent des hɔrɔn,nobles.
3507501	3527440	Baara senfɛ, ka don baara la, o dey'u kɛ numuw ye.	C'est le métier qui les a rendu forgeron.
3512421	3530304	N'o tɛ Bagayɔgɔw , numuw tɛ.	Sinon, les Bagayogo ne sont pas des forgerons.
3515274	3533475	U ka numuya ɛ ɛ nana sɔrɔ tan.	Ils sont ainsi devenus des forgerons.
3518759	3535682	Ni n bɔra yen.	Si je quitte là-bas.
3520370	3539155	N bɛ jigin ka na tujuru jɔnkala kɔnɔ.	Je descends toujours vers le djonkala.
3524235	3542965	Jɔnkala kɔnɔ Bila kɛrɛfɛ.	Dans le djonkala, près de Bla.
3527773	3545439	Dugu dɔ bɛ yen ko Kolaso.	Il y a un village qu'on appelle Kollasso.
3530681	3548769	Kolaso, Jaraw don.	A Kollasso, ce sont des Diarra.
3533520	3550167	Bamananw don.	Ce sont des bamanans.
3536227	3555215	U farala Segu kan ka kɛlɛ kɛ.	Ils ont rejoint Ségou pour faire la guerre.
3540964	3561564	N'i ko Kolaso, u nana sigi kɔ de da la.	Si tu  dis Kollasso, c'est au bord  d'un marigot qu'ils se sont installés.
3546462	3562795	Kolaso!	Kollasso!
3547462	3566482	Kɔtu da la , o yɛlɛmana k'o kɛ, Kolaso ye.	Le bord du marigot s’est transformé en Kollasso.
3551792	3569051	Foyi tɛ ye ni Jaraw tɛ.	Il n'y a que des Diarra.
3554577	3576599	N bɛ bɔ yen , bɛ don Sikaso kɔnɔ.	Je quitte là-bas pour venir à Sikasso.
3561834	3579936	Taarawele, Mansadawula la.	Traoré de Mansadawula.
3564783	3582476	Taarawelew bɔra Balanzan de.	C'est de Balazan que viennent les Traoré.
3567482	3585997	U nana se ɛɛ Sikaso min kɛ.	Quand ils sont arrivés à Sikasso.
3570953	3590449	U ko ɛɛ Mansadawula ko aa aw k'aw sigi yan.	Ils ont dit, Mansadawula dit, installez-vous ici.
3575377	3592539	INAUDIBLE	INAUDIBLE
3577406	3600561	INAUDIBLE	INAUDIBLE
3585278	3601856	U y'u sigi yen.	Ils se sont installés là-bas.
3586349	3603119	U ma taa k'o tɔgɔtigiya dan.	Ils n'ont pas échappé à cette notoriété.
3587935	3604318	Olu sigire yen.	Eux,ils se sont installés là-bas.
3588992	3606703	INAUDIBLE	INAUDIBLE
3591640	3608436	Ka Mansadawula b'o la.	C'est lui qui a donné naissance à Mansadawula.
3593386	3611702	Taarawelew ye Sikaso sɔrɔ ten de.	C'est ainsi que les Traoré sont venus à Sikasso.
3596559	3615194	Notɛ , Sikaso yɛrɛ tigiw, kɔnɛw de don.	Sinon, les Koné sont des  indigènes de Sikasso.
3601051	3625811	Kɔnɛw , Jamutɛnɛw, jurutew, Bamba nin bɛɛ ye ɛɛ  ɛɛ miniyankaw ye.	Les Koné, Diamuténé, Durthé, Bamba sont tous des minyanka.
3610243	3626993	ƐƐ sinafɔ ye.	Disons les sénoufo.
3611523	3628282	N'i ko sinafɔ.	Si tu dis senoufo.
3613053	3630687	Miyanka de dɔgɔnin ye sinafɔ ye.	Le sénoufo est le petit frère de minyanka.
3615344	3632356	Ko sinɛ y'a fɔ.	Que signifie " sinè y'o fo".
3617043	3634038	Sinɛ y'a fɔ  kɔrɔ ye mun ye?	Que signifie " sinè y'a fo"?
3618773	3635468	Ko Sinɛ depilasera.	Que Sinè est  déplacement.
3620442	3638165	A bɔra yɔrɔ dɔ la ka taa i sigi yɔrɔ dɔ da.	Il a quitté un lieu pour partir s'installer ailleurs.
3623092	3642822	O fana senakunya o bɛ sinafɔ ni miniyanka cɛ.	Ce cousinage à plaisanterie existe entre les sénoufo et les minyanka.
3634725	3651968	Ne bɛ bɛɛ fo.	Je salue tout le monde.
3637520	3654400	N b'aw fo kiramantonya la.	Je  vous salue en qualité d'adeptes du prophète  Mohamed.
3639660	3656446	N bɛ gugoli mɔgɔ bɛɛ fo.	Je salue toute l'équipe de Google.
3641386	3658907	Aw ni ce , aw ni baraji!	Merci, merci à vous!
3643739	3661813	Ne kɔni tɔgɔ Adama, Adama Ture.	Je m'appelle quand même bien Adama Touré.
3647103	3664800	Ka bɔ komini wɔɔrɔnan na.	De la commune six.
3649790	3667175	N'o ye Sokoninkɔ ye.	Qui est Sokoninko.
3651843	3668491	N sigilen bɛ yen.	J'habite là-bas.
3653251	3670936	N bɛ n fa ka so yen.	Je suis chez mon père.
3655571	3672246	N fa ntanya na.	Mon père est décédé.
3656883	3673362	Ne bɛ ye.	C'est moi qui suis là.
3657943	3675905	Ne ni n denw ani n dɔgɔninw.	Mes petits frères, mes fils et moi.
3661731	3678925	N bɛ komini wɔɔrɔnan na.	Je suis dans la commune six .
3664251	3683287	A san bi duuru ni san wɔɔrɔ de ye ɲinan ya.	Il y a cinquante deux ans de cela.
3668295	3686091	K 'aw fo k'aw barika da.	Vous saluer et vous remercier.
3670608	3688803	N bɛ bɛɛ fo, kiramantonya la.	Je salue tout le monde en qualité d'adeptes de prophète Mohamed ( PSL).
3673577	3690402	K'aw bɛɛ fo.	Je vous salue tous.
3676821	3694909	An bɔra hɛɛrɛ la , an tilen hɛɛrɛ la.	Nous avons passé un moment agréable, que les moments à venir en soient.
3680448	3698168	Ala k'an bɛn a ɲɔgɔn wɛrɛ ma.	Vivement une prochaine occasion!
3682632	3699082	N bɛ bɛɛ fo.	Je salue tout le monde.
3683609	3701417	A ni ce , a ni baraji!	Merci, merci infiniment!
